relative_path,size_bytes,sha256
.gitattributes,90,b38e72959e529aac4c0db0009ca5e4572742a1d37034bf4fc50053f9a0504315
configs/kaggle/paper-day2-corrected-three-seeds/kernel-metadata.json,399,9a552d910a73a4c934e839f04f00ba104dc6d3a0d528791b5e8f55c400f285c8
configs/kaggle/paper-day4-timing-t4/kernel-metadata.json,408,e40512285b53401bd58bb71058a73aa63435e5c133b428926d3502a0cb5f1fc3
configs/kaggle/paper-day6-corrected-three-seeds/kernel-metadata.json,435,602033da61ffe16d31dfe16d4813868cb42b84dbb639446824f1c70fd646dda4
configs/kaggle/paper-day7-timing-t4/kernel-metadata.json,408,42fc487cba1e1c90ddfa9811845a33add4e3a0f3793181542d3506e822a5d4dc
configs/kaggle/paper-day8-vrf-regenerated/kernel-metadata.json,373,d5bc69e289075781b6565fd2af18a24ea500051b1492a68c22f93971b9c978ae
configs/kaggle/paper-day9-fixed-regenerated/kernel-metadata.json,384,56b7cc04097072db7e2d3f3214d566168cee44c55e35aecd2a04be4d52fd6fc5
configs/run_registry_20260815.json,8115,a6962a1164fcf909f3fbe61ceb12e8ddc371a43706ef1ff718df5a0d8ecc4f64
launchers/deploy_retry.log,921,41216a789f5495e4aac46bd571445fe39ec97ba639de922fe979c6d8d67eb808
launchers/deploy_to_paramshakti.sh,4801,cd6278e621923054678b312548db8776ce18a62d9c787a27e9eb62036637c2e3
launchers/poll_cluster.sh,524,453528db794632e014998fead8163bae9d4140bd5f2117412edeaef1cf67708f
launchers/retry_deploy_to_paramshakti.sh,945,11f6edc48d25b85a90ececde7896b1a79b6b457b53cb6b5636f5ddeb26446cf8
launchers/slurm/audit_deployed_runner.sbatch,919,0c81fb4039b73e0bd3568a320548f054187ca3929c4d69bb83f693452b13d58b
launchers/slurm/inspect_day6_checkpoint.sbatch,916,4db18d5fbb23c3b6ca0aed844c8038157798bd482d8e45e765a7d6b8128da260
launchers/slurm/paper_day5_k2.sbatch,1233,b4762d7d52a280a62ca5d899fe189d82155de393d78d51f39e93cfa355e264f6
launchers/slurm/paper_day5_k2_smoke.sbatch,1443,ec31a3c2c098c0e260ef490545fe28f7bca1cdc728c4286a9100ee663c4b7684
launchers/slurm/paper_day5_k4.sbatch,1233,07aa531f3f379db9290c7b316cc31c5ecc15a9e19f43f1711c9f781248060d9f
launchers/slurm/paper_day5_k8.sbatch,1233,990ae7b70303d38162d9eda35d10aee1b48c8de2b518d6427f65f66d76be3452
launchers/slurm/paper_day5_nccl_probe.sbatch,953,95d8926d064cfe70888a4f58bcbb8172ee32a905728b1310cee434ca3f08cd63
launchers/slurm/paper_day5_probe.sbatch,654,6445450992b464f92a2384a704769c85ded80059dfda4383375b49d5ab5e20c7
launchers/slurm/paper_probe.sbatch,2412,e20363ff27b872d1880b052773bd04925712fcc375a4dd190c04f0aca985901c
launchers/slurm/paper_single_gpu_bundles.sbatch,1327,1e3201bc59237b99b5140f4c48ae490a99a6ea54ee0abecd8b6ff65f1b7f10f6
launchers/slurm/paper_single_gpu_smoke.sbatch,1344,b778f75ab4e4792f957bb9dc49b2a725f01220a19d80412e98b215213723c8bc
launchers/start_tmux_control.sh,4835,22a53a6cf829423b9ce12bc6817fabbca0e1039737392536e2efe7f1e94c8be2
package/CAPTIONS.md,3265,55b8ba847ef7c637dc056e93f97794be3ac6d718782500434fd1e4858d077126
package/captions.tex,3580,12e4529671abd318b9be434215b3f912f021883faf99006324ef330c8ba741df
package/corrected_metrics.json,24312,6469d386ea228ef548a01f97a2e902510660f922b20fb6b294eed596f88ba010
package/figures/fig01_baseline.png,113365,6b866acdae973913ceccf9f977c0dc70d224ef9209356bbfeffcef405a2ec041
package/figures/fig02_data_parallelism.png,229909,f0002230e834dc56e5c701b82555e874046725d9afc3e1425db02672e5c66b6b
package/figures/fig03_softmax_vs_topk.png,164187,55af2bc05017656d6552fa597277829c4f2692edea7ca494ea83d98778b9f245
package/figures/fig04_detection_scatter.png,117268,edb8cd354c698cc4386e750d3e2df4a618f0e508baab93f3c4941e462f662182
package/figures/fig05_survival_accuracy.png,245118,88d2f712342ff9c483f71b4c4199051dae57b2dadb55726b88141b2eb04ee9a8
package/figures/fig06_overhead.png,83306,97a02466b614aad8c481caaa5272cb334618c34607d27cae3034453faf6a55e7
package/figures/fig07_pipeline_attacks.png,121750,9f45beaefd5a31c799d344be64006c949a0a26d46e6b9ba692602d7e6f0b9a85
package/figures/fig08_vrf_fairness.png,109939,ade119fc9c59be0a712daeb7b5ef9538acfe506a3c333b1f3d7e75a3bbcbf6d0
package/figures/fig09_smart_contract.png,123259,2fdd234405a2cc45f84071e401a3dcb9a580b40e6cd3c46aa34772cfbe2fedc3
package/figures/fig10_ablation.png,88098,bb2b7d3d48bcd434e0f8f5b26b9ed7ba757703819ba68f631acb1801d866db5b
package/figures/fig11_pipeline_convergence.png,210614,6433ad9ca71fc59eae4f2ae8c932b1497507d13a54425d73a89f15f380bb9262
package/figures/figure_metrics.json,7208,21e9d793b17ac48a9d8ebfa0c18d3e6a0dcad4ba0e1c71efd9489e4cadc71fa3
package/GRAPH_STYLE_REFERENCE.md,729,de965456ac66d25fab96364185ca2d5aba8cd5d8e17bbdd1f9568bfdfc37bd3f
package/PROVENANCE.md,2146,feee95a321ed714647c87520f346bd142150f0247560b1079a58308ccb070295
package/provenance/remote_code/paper_day5_k2.sbatch,1233,b4762d7d52a280a62ca5d899fe189d82155de393d78d51f39e93cfa355e264f6
package/provenance/remote_code/paper_day5_k4.sbatch,1233,07aa531f3f379db9290c7b316cc31c5ecc15a9e19f43f1711c9f781248060d9f
package/provenance/remote_code/paper_single_gpu_bundles.sbatch,1327,1e3201bc59237b99b5140f4c48ae490a99a6ea54ee0abecd8b6ff65f1b7f10f6
package/provenance/slurm_logs/bundle_602539_0.err,339,70d338f7cd190307d2053d0b4f598b4d82d2316d001fd761b10f318736cadf3c
package/provenance/slurm_logs/bundle_602539_0.out,21785,33fde5bd086e874e9c07774049e9cf26546541cdb70ce79a3890f7301f8b4d73
package/provenance/slurm_logs/bundle_602539_1.err,1862,c0f054ccd7abe41dd602d7f6c6f56d8c2eca4dd117b7ee48a3d2163a13fad269
package/provenance/slurm_logs/bundle_602539_1.out,13397,46094fa8f644ffd9a8e682b119417e3594e6e689a3fda116e78f1e23cdb61078
package/provenance/slurm_logs/bundle_602539_2.err,339,70d338f7cd190307d2053d0b4f598b4d82d2316d001fd761b10f318736cadf3c
package/provenance/slurm_logs/bundle_602539_2.out,23816,66927da18dd4d6d4dba517b09c13f93599e479da25037053832fea670e92385b
package/provenance/slurm_logs/bundle_602539_3.err,339,70d338f7cd190307d2053d0b4f598b4d82d2316d001fd761b10f318736cadf3c
package/provenance/slurm_logs/bundle_602539_3.out,26236,49e563f0607961c6e5ca9677b76828f67ae775102059922264ab86f2deba4797
package/provenance/slurm_logs/bundle_602539_4.err,339,70d338f7cd190307d2053d0b4f598b4d82d2316d001fd761b10f318736cadf3c
package/provenance/slurm_logs/bundle_602539_4.out,27375,8cdd110cbec024b222179510140fee08ee4b014d2c3773d51d18c1ce5f51cd4e
package/provenance/slurm_logs/bundle_602539_5.err,339,70d338f7cd190307d2053d0b4f598b4d82d2316d001fd761b10f318736cadf3c
package/provenance/slurm_logs/bundle_602539_5.out,29006,83f4529c7fda0013007b0ebb0de29c364268e0e948c27b8a13b269ac0fcb00d4
package/provenance/slurm_logs/bundle_602539_6.err,339,70d338f7cd190307d2053d0b4f598b4d82d2316d001fd761b10f318736cadf3c
package/provenance/slurm_logs/bundle_602539_6.out,30768,c960ae6ca130510f584543671ff150834e7718f4e19f227d0795bf292d3fd391
package/provenance/slurm_logs/bundle_602539_7.err,339,70d338f7cd190307d2053d0b4f598b4d82d2316d001fd761b10f318736cadf3c
package/provenance/slurm_logs/bundle_602539_7.out,30643,127b5c14060898f27993ccb184cebee19e3f3d99246ac3eff91f1db7733d05bc
package/provenance/slurm_logs/bundle_602595_1.err,339,70d338f7cd190307d2053d0b4f598b4d82d2316d001fd761b10f318736cadf3c
package/provenance/slurm_logs/bundle_602595_1.out,18002,a688c2e2421f50ba6775eefb1684236f75ec548a87ac9e61ef8a8f63404e3dcd
package/provenance/slurm_logs/day5_k2_602864.err,2034,cb5b6052219dbd7446ffca645db9344ff919ec3ebe798d054e6f3762bdc8c90e
package/provenance/slurm_logs/day5_k2_602864.out,12034,6fe483d111840d7a2c3f84c5c3284edc70329a5bac4c12685a1126349ea9f5f1
package/provenance/slurm_logs/day5_k2_smoke_602250.err,1724,a9c3850283f46aa02e8df214e9efe3022fe19e2693e765a05154fe4f4e746cdc
package/provenance/slurm_logs/day5_k2_smoke_602250.out,3631,c8fdc22eabd946894c163492996365e9eb8341be35aed8f49955d3de186abaeb
package/provenance/slurm_logs/day5_k2_smoke_602723.err,2312,2ac5dab1c8df25aad7cc83df25e8ab094310a689b73bb7ba1152139d18ae6e40
package/provenance/slurm_logs/day5_k2_smoke_602723.out,3381,f380d2a08d7dc9c777b5cad69d30ec98632f504958b8527a0b58736774680c40
package/provenance/slurm_logs/day5_k2_smoke_602829.err,1724,0efbc6e5685939ad76e983948b4d84d3e867155e5321226476182ffb01a0680b
package/provenance/slurm_logs/day5_k2_smoke_602829.out,3553,0d6eeaa3f4035055b82dd8cd2af59ae7795faaeaaabbc963576e9bb26d42d324
package/provenance/slurm_logs/day5_k2_smoke_602863.err,678,6f6e519ff3b5e975891ac73945abce17d6baa040dbe000bfeebd01a752c8e54f
package/provenance/slurm_logs/day5_k2_smoke_602863.out,9307,9b50515d3f6a4a205e9db87a7ae33e5d512bb6778d2937db9fc4e81bdc3ede03
package/provenance/slurm_logs/day5_k4_602865.err,3051,04fd5b62ca380047e50d59315f28e16735195637e66668ce59deff84f73ca62b
package/provenance/slurm_logs/day5_k4_602865.out,12208,085d10da93a5eb53f5e97857c083a994d7a743fd0643a505ef20f2f99576f024
package/provenance/slurm_logs/day5_probe_602708.err,339,70d338f7cd190307d2053d0b4f598b4d82d2316d001fd761b10f318736cadf3c
package/provenance/slurm_logs/day5_probe_602708.out,2570,5442e7f5e2531323554ce716541f92147ed422ad6ba7917afbe0700497010e20
package/provenance/slurm_logs/day6_inspect_602501.out,604,a91fdae1c17fc50dd601b4798c75bb3d61056a5cc215b7943d0d9c858c12d8bd
package/provenance/slurm_logs/day6_inspect_602502.err,1170,6b59b10f3dc2f749178a62ba56b6f4debf8accc67b18e705e43a8521ed48029c
package/provenance/slurm_logs/day6_inspect_602503.err,664,44b9206d08bd769787049f13f1382cc1dfcd8ca3babeffde4622581175aa1ea5
package/provenance/slurm_logs/day6_inspect_602503.out,135,ce9ebdb2a4b515cf43d28f216b94026ee8be22d7e857d41e49d0cd1e089463ea
package/provenance/slurm_logs/day6_inspect_602504.err,4515,1f195d22e397d8e0b1cb3c20d1ec2dc31d7f197a186697f581507a169636532e
package/provenance/slurm_logs/day6_inspect_602504.out,1710,e0415ec7eff985a221b8d86ea158342883556d6a7e2cbcc406310e227f76a912
package/provenance/slurm_logs/day6_inspect_602506.out,7927,159c405aa5af57c6b4aee46debaab6c4a0e5f88a78021c0933335895ad72fd02
package/provenance/slurm_logs/hybrid_cpu_smoke_603040.err,365,5048e856a96a452190ebcee6581f48e35c8fa6182d50e4ed55ea4300b6699310
package/provenance/slurm_logs/hybrid_cpu_smoke_603040.out,172,d6a5bba89007bba2d7efa76a2217b9d5cb9040ee84a2b322b3aa3175d6f5917b
package/provenance/slurm_logs/hybrid_cpu_smoke_603041.out,689,ec9ff09516d172ed93a3075c7fc8c523884dd96501f3351d327a4bf6408f2f20
package/provenance/slurm_logs/hybrid_rank_tests_603126.err,5957,03ad171c715bd6da94cfa5ecd4b841b339e6b83cb1c0c875b46fe3b88f509aa5
package/provenance/slurm_logs/hybrid_rank_tests_603126.out,2346,854a0e1fb89ea4c3e403ae5bf1ddce3b57bdec0be1cbac1928273d41aa19f6bf
package/provenance/slurm_logs/hybrid_rank_tests_603240.err,6901,0b2f4952188ba9375aae2a995e0cfa8c08749c8cf448edadb6a652325910085c
package/provenance/slurm_logs/hybrid_rank_tests_603240.out,2435,470a0937bd6f9a09fc2587d49b8640256b195bcf5d8d1e1f9664ebb5a9a0dad6
package/provenance/slurm_logs/hybrid_unit_tests_602963.out,219,246c59fdc4721dbaf5e478f3c8d7d91e3713b61de2060e1756ab1537bcac88c0
package/provenance/slurm_logs/probe_602124.out,2328,677fd0866281e7805bbd645d5554bd251a14125f0b7b8c14f401df70b095596c
package/provenance/slurm_logs/runner_audit_602513.out,4550,aabb8f7d624a8ca112f149ccc91c38be38a342275cea82bad5205c87d10a9acc
package/provenance/slurm_logs/smoke_602249.err,3465,fb3b251df7872476e7f513f62e32df12085f07c12499890709aab08f45470540
package/provenance/slurm_logs/smoke_602249.out,2952,fafc23b5d8a7e09e564d0c9234f25a139ceea5deae76b04b3918d7381e6db168
package/provenance/slurm_logs/smoke_602509.err,4260,5a786d620489d484903fa738402f32451d8affbabd2f28d30b071e407feee581
package/provenance/slurm_logs/smoke_602509.out,3203,993e67610a743b1116a94fce2a736a9e8144c0dfae0ba970097754ef212b17b0
package/provenance/slurm_logs/smoke_602538.err,339,70d338f7cd190307d2053d0b4f598b4d82d2316d001fd761b10f318736cadf3c
package/provenance/slurm_logs/smoke_602538.out,4387,db89478a8b6da28ee829d638ed11e546ff317195b570221ed07caf32f13b6b7c
package/raw/kaggle/day8_rerun/day8_vrf_rerun_summary.json,2692,65abef33038a42796e4ad09767f75bc7597feda46e68ff6bf16eeb1c1ba390a4
package/raw/kaggle/day8_rerun/day8_vrf_vs_speed_corrected.csv,11364,99b1565b6938723da71d9dbb3366d88da6f5a71c0fa19680856018f582ed21b9
package/raw/kaggle/day9/day9_fixed_artifacts.zip,2815,9eb03d6f99ec7535db122d6e6fea3683ad749216970913b42bf2e87072f1dfad
package/raw/kaggle/day9/day9_fixed_manifest.txt,197,2c41870b8a0f3b81b725a8a7ca983e7b97f35029a13123bd86003b0441675832
package/raw/kaggle/day9/logs/day9_eviction_log_fixed.csv,298,aec8ba7957ac964d87ac2fd4e073083569df05013c2a8de5cf52295240f27375
package/raw/kaggle/day9/logs/day9_smart_contract_fixed.csv,20881,a08815163d7cf985be7f7e6b8d9e3d583805ec5883fe8902de6dc7093253efd3
package/raw/kaggle/day9/paper-day9-fixed-regenerated.log,6096,622c5ff33f956431522ff057a647ffe7f71d6cdb4f172bca6c5a82bed17da6c1
package/raw/param_shakti/full/logs/day1_seed42.csv,30012,4fe9a523760edf3989f677f432f07a1a283463b29e3252c25677a5e9b12d1f5a
package/raw/param_shakti/full/logs/day1_seed43.csv,29910,feeaa7f34660455b1d60c7ea39899297d952c9090525789b6655ed0eae600f79
package/raw/param_shakti/full/logs/day1_seed44.csv,30230,5eed82164fe2ebdb6e617460773d16383b9b23a201765554b0eae2b19157eeb6
package/raw/param_shakti/full/logs/day10_baseline_kmeans_topk_seed42.csv,11348,68ce1507eaebae3efc65c497d7a3b9effe0b6c15158107fec71c0dfe74ac203c
package/raw/param_shakti/full/logs/day10_baseline_kmeans_topk_seed42_workers.csv,46090,195eb4f3fd92d6ea1a86b55d5dfdaeea413da9688df786b2dae86b6c3c06935f
package/raw/param_shakti/full/logs/day10_baseline_kmeans_topk_seed43.csv,11260,35194908c4e4b61027abd8fdfcb55beee8a7795c6a5752f564845998a2c25827
package/raw/param_shakti/full/logs/day10_baseline_kmeans_topk_seed43_workers.csv,46065,ff70a4129a01161635e562981f8e9f43dc7f3b2912562a6f89c5cbdfae8334f5
package/raw/param_shakti/full/logs/day10_baseline_kmeans_topk_seed44.csv,11015,51e8011c7d18f7970cc62e984d1b11440fb09e2a05dc8a3bc1bb1facae8328b1
package/raw/param_shakti/full/logs/day10_baseline_kmeans_topk_seed44_workers.csv,46032,d24839950ecc395a3b41823317c5e35ecd66404a53d0954e334ac3ef0e84abf7
package/raw/param_shakti/full/logs/day10_plus_krum_topk_seed42.csv,11317,80bb87975ae9c7bd08a994382ecbe5501b823ffddfd3984aabc7f2f88c05b486
package/raw/param_shakti/full/logs/day10_plus_krum_topk_seed42_workers.csv,42509,7f96c4987cd3f104a3ce270e5b4c5bb3a1d3f74ab955afd421ba0c562d413ef9
package/raw/param_shakti/full/logs/day10_plus_krum_topk_seed43.csv,11332,a1faaaaf1d6ed367fa4ed0570988a6a6174b7494ed5d90ff6d478afa2f975cea
package/raw/param_shakti/full/logs/day10_plus_krum_topk_seed43_workers.csv,42576,58a3eaa9b00f487811d7553f835ebec64cc47383a741ef9d36329571b7a866ad
package/raw/param_shakti/full/logs/day10_plus_krum_topk_seed44.csv,11296,4ba894e8217bd830bc41e01ebc87b649788cd4c4c89d839a5a2e83e7b5fb6b2f
package/raw/param_shakti/full/logs/day10_plus_krum_topk_seed44_workers.csv,42498,894cca98a16fa50b3adc602ea7f9beaf8dcd8002c505fab6670b08a67ba3faca
package/raw/param_shakti/full/logs/day2_n2_softmax_seed42.csv,53852,5b3dec0f19cca7f14a4758322ed733fc9dc2296ec9358ab5e6ee9d3146b277eb
package/raw/param_shakti/full/logs/day2_n2_softmax_seed42_workers.csv,67223,b2da8aacf2ea6186b2fdc05fd1cbf167db2d17802f9b824de4d4da314bf6762a
package/raw/param_shakti/full/logs/day2_n2_softmax_seed43.csv,53901,d64e1e667f19bf7d0877a5d5df4a8bd8933e5b4564b2ed2fb33ff6fed4a75a1c
package/raw/param_shakti/full/logs/day2_n2_softmax_seed43_workers.csv,67358,1a121479cde966f23af911dd16d9369ccd51b41848b78f3be59772b962e02d14
package/raw/param_shakti/full/logs/day2_n2_softmax_seed44.csv,53781,d1f26a8f3d04e45b6516c1dfeecab3d82094853e417949fb4a23161cf188c9c1
package/raw/param_shakti/full/logs/day2_n2_softmax_seed44_workers.csv,67356,42acccc137dafd0535fb0cbfd5f732a33caab6c4563a9d71961f08cde4e45a1d
package/raw/param_shakti/full/logs/day2_n2_topk_seed42.csv,44056,51743991fa54f96678f2c466899956ca83952c40a1896530d03cf34126ac2f14
package/raw/param_shakti/full/logs/day2_n2_topk_seed42_workers.csv,66096,5e608fe9cfb6bb59b58ee4cfc2d9b7e92d19e0fe16fa9e1ac339c8fc5635d3cf
package/raw/param_shakti/full/logs/day2_n2_topk_seed43.csv,43958,d6e97cefcaea3af618be15bb693d24a2dc7e59ae2e0dd47e8942b813dac65651
package/raw/param_shakti/full/logs/day2_n2_topk_seed43_workers.csv,66201,b8c7b221b0326683d027d06d0441ade3afd4a3c69531feada91c1c71f79cac23
package/raw/param_shakti/full/logs/day2_n2_topk_seed44.csv,44049,583536fb8524aa9484e3fbda132f3113f4ade934ecdf8b4a389f1617aa7ae408
package/raw/param_shakti/full/logs/day2_n2_topk_seed44_workers.csv,65937,8c0ece0e7d5b9ccf65b680d96bdca0e8e4a2163cc7f39e225c7d081475cb0052
package/raw/param_shakti/full/logs/day2_n4_softmax_seed42.csv,64860,3c565693f21a0d04c7d7e94d8297e2d3f05afbcaff24d870f66715812edd6c4a
package/raw/param_shakti/full/logs/day2_n4_softmax_seed42_workers.csv,134549,7545765aeb513b7711af39df071044c3e6cdd189822abf92ecc19ab79069ce49
package/raw/param_shakti/full/logs/day2_n4_softmax_seed43.csv,64738,bbe82502bd54b24bdd59e140b17f95fb218ec7fd0f51fca18b06ff6dc18a4036
package/raw/param_shakti/full/logs/day2_n4_softmax_seed43_workers.csv,134479,a12958374f8c7b146ed094e41b19b1399c16433bdb270b8dede71f9e2f2dd837
package/raw/param_shakti/full/logs/day2_n4_softmax_seed44.csv,64830,9f17e3ef8b06c9388acd91fe45eb07000ec93b585ae753eb0babaae562d698bf
package/raw/param_shakti/full/logs/day2_n4_softmax_seed44_workers.csv,134617,43d5d6e4be5027539a90ed599e4db25b08e5fd52dc85b827ee427d0b4d470f2d
package/raw/param_shakti/full/logs/day2_n4_topk_seed42.csv,46551,8d0404ee3baac591a9280ca1ffdcae671d7c409feabd560034dab6009b7234c8
package/raw/param_shakti/full/logs/day2_n4_topk_seed42_workers.csv,132346,da6acca227bd4816396cdb2487d4daad2ec967d694630005e764b2b53e04b8aa
package/raw/param_shakti/full/logs/day2_n4_topk_seed43.csv,46822,89d83504e4e32b7708c1b3b5f2929e8d5546d11306800ad4b0502e074b376711
package/raw/param_shakti/full/logs/day2_n4_topk_seed43_workers.csv,132300,e1b67a787ecdaf82f3411709ffe751f0de0e9c8204f9a41eb5d77aec41b95ac6
package/raw/param_shakti/full/logs/day2_n4_topk_seed44.csv,46572,14bb7fa223eae5dcd956b4a99b67dcde2ccaab011eeaca0d0d4df2b770ba13e9
package/raw/param_shakti/full/logs/day2_n4_topk_seed44_workers.csv,132269,fd420b36116a77eae496f8649dee3f783c54c9996f18e8d888c268af75561e41
package/raw/param_shakti/full/logs/day2_n8_softmax_seed42.csv,87252,3ca054441f98932790387c260dad911040881ece8c5be7cf1d149ea28cd03ee8
package/raw/param_shakti/full/logs/day2_n8_softmax_seed42_workers.csv,270288,e8e3ed24bab6eaeeb60a0926825939e856d8138bc5613e1cc73607b0e3331c95
package/raw/param_shakti/full/logs/day2_n8_softmax_seed43.csv,87170,494868d89d528d6bedd475deda8b48624ac3435d4ed90f03c213a5f888bd5f8b
package/raw/param_shakti/full/logs/day2_n8_softmax_seed43_workers.csv,270366,e6db695710212ec2e6915cfb6cc39199cab548b187bee42a4754e3c67768d4ff
package/raw/param_shakti/full/logs/day2_n8_softmax_seed44.csv,87299,83eb549e73de3bdaf1a3b9a6500a79e06dc4264158e24b3bd185799490a4745c
package/raw/param_shakti/full/logs/day2_n8_softmax_seed44_workers.csv,270565,706170a9f1544109c724395abf950d39f741d5cf7d08e669bc781035410cc475
package/raw/param_shakti/full/logs/day2_n8_topk_seed42.csv,52998,84d751956a0c824ff21c25c6c79b4bee9806d15b010cb7928e91072d3c896354
package/raw/param_shakti/full/logs/day2_n8_topk_seed42_workers.csv,265999,401396afc137ec7c93b9cf2d123e0e0b32e7cff016b0b03ddb4115e58ffc2c34
package/raw/param_shakti/full/logs/day2_n8_topk_seed43.csv,53040,1f3b0c9332ee7df9e45bd42f02df5ffee0ab244bfd4a442ff5d4f40f518e0dd1
package/raw/param_shakti/full/logs/day2_n8_topk_seed43_workers.csv,265776,3dfb8a713df1f14e7a4b5fa44be54c8df71032b193084054c7dc7cf083bdb8c1
package/raw/param_shakti/full/logs/day2_n8_topk_seed44.csv,52992,276548f897ccfc5c1311c9fe8427a817dfb5eacea708a5b1344d3c467db319f8
package/raw/param_shakti/full/logs/day2_n8_topk_seed44_workers.csv,265734,18051f3f89fc3f94b96cf54cafa292fca9304d3caff63892c13e88970b86842d
package/raw/param_shakti/full/logs/day3_byzantine_majority_f2_kmeans_softmax_seed42.csv,23527,c34bc6d1b5f55af5cf256d16ebe1eb21f4561db7da29d840f836180c8cee04d8
package/raw/param_shakti/full/logs/day3_byzantine_majority_f2_kmeans_softmax_seed42_workers.csv,82510,9d6447238ec44893a122750565e7d186e908d635d43c828ff9bc0385e2b8576c
package/raw/param_shakti/full/logs/day3_byzantine_majority_f2_kmeans_softmax_seed43.csv,23478,e82b7f9a5efe39102f55340e06b6ec0055280145c6198655257a23964036006a
package/raw/param_shakti/full/logs/day3_byzantine_majority_f2_kmeans_softmax_seed43_workers.csv,82698,ec76f3966ad6ed6f35f6f7d5e0d7b448791e9e49c52120edc2c7753ade3bbe54
package/raw/param_shakti/full/logs/day3_byzantine_majority_f2_kmeans_softmax_seed44.csv,23409,312634e9a023a021db428cb1935b1a44ddfe0b6af10df635d5b27548a4439033
package/raw/param_shakti/full/logs/day3_byzantine_majority_f2_kmeans_softmax_seed44_workers.csv,81134,7a138e3c9ecddf6d29d32e54cca510702331445c8be3c2bb0c8e95fd5dc45bf6
package/raw/param_shakti/full/logs/day3_byzantine_majority_f2_krum_softmax_seed42.csv,23426,f2a18c24890af184d05b0a4831cc5c3fd9c3ead76205e8686e91169cd546310e
package/raw/param_shakti/full/logs/day3_byzantine_majority_f2_krum_softmax_seed42_workers.csv,78274,ec0fecf80d239c9bf25b037c8386a55b79336e6ff64668363cb3850bcf396116
package/raw/param_shakti/full/logs/day3_byzantine_majority_f2_krum_softmax_seed43.csv,23375,42ca05508ef56066edbeb5a688bc84e8abb778707e6f7bdf0e58e65511cf17f3
package/raw/param_shakti/full/logs/day3_byzantine_majority_f2_krum_softmax_seed43_workers.csv,78412,46714f5122c9c5e90c1339b18acabd46aba7179fbc31d1e33427f39e9331ce71
package/raw/param_shakti/full/logs/day3_byzantine_majority_f2_krum_softmax_seed44.csv,23325,feeabeccf7daebe0c8ab1baad8858ba0c91fa54c4e4a68ab9e789b1da4c8a5f6
package/raw/param_shakti/full/logs/day3_byzantine_majority_f2_krum_softmax_seed44_workers.csv,78281,c46da1726e1031e70cef75a635dcf48d509060b771445425b59dcfcfbe4936c1
package/raw/param_shakti/full/logs/day3_byzantine_majority_f4_kmeans_softmax_seed42.csv,9535,10843d35eddf35f509cc474b24ff3af8d42902af358cb1bde006bcffbd966064
package/raw/param_shakti/full/logs/day3_byzantine_majority_f4_kmeans_softmax_seed42_workers.csv,1770,3db34237cb426d76d70e16d02d89337deaa396dffd1a5ef92bbb7364409d52d6
package/raw/param_shakti/full/logs/day3_byzantine_majority_f4_kmeans_softmax_seed43.csv,9538,45b0ac15d8617c8b8ec108c65854e8a11cf6255aa9ab7dd6f8f52b432eb76cd1
package/raw/param_shakti/full/logs/day3_byzantine_majority_f4_kmeans_softmax_seed43_workers.csv,1745,65a030cdb3e7dc21018862df9807a3b694f36e47f33c4fd19f59592af0dc42e3
package/raw/param_shakti/full/logs/day3_byzantine_majority_f4_kmeans_softmax_seed44.csv,9601,2892c7c5eac8d0c18f5339227342d9a432471f9ae452b220a2bb881cb8b42dc2
package/raw/param_shakti/full/logs/day3_byzantine_majority_f4_kmeans_softmax_seed44_workers.csv,1775,397d31fd5ba324d4dc51a656a92dc50e495e0bc72ee432856f9218832f14fc64
package/raw/param_shakti/full/logs/day3_byzantine_majority_f4_krum_softmax_seed42.csv,9585,4e7414f47502fce271d4d53bef7a12a34db7d647b2a5edeb6ce17b663d601bfd
package/raw/param_shakti/full/logs/day3_byzantine_majority_f4_krum_softmax_seed42_workers.csv,1656,118b53b60f08e02b79eecaceea9fea9ba19ff4b8cc6740a5609e1f7629c33a81
package/raw/param_shakti/full/logs/day3_byzantine_majority_f4_krum_softmax_seed43.csv,9587,c9303f7704c0c4e709dc88d39d0f3870544d24533848989a9b73248af72477b6
package/raw/param_shakti/full/logs/day3_byzantine_majority_f4_krum_softmax_seed43_workers.csv,1645,9e8eb94966322ddc9e24b8e38d3788524a5a2df234bff2f255544668ee7bdb9a
package/raw/param_shakti/full/logs/day3_byzantine_majority_f4_krum_softmax_seed44.csv,9652,76d77b78d20b2c1ec79bffb6a5392bc30e8c9ce856a9ae90d7872d304ab5caf6
package/raw/param_shakti/full/logs/day3_byzantine_majority_f4_krum_softmax_seed44_workers.csv,1661,0e76430476610caa6069e1ce6dcf144a3d8b335345590d0db7fb2b404274e6a5
package/raw/param_shakti/full/logs/day3_byzantine_majority_f5_kmeans_softmax_seed42.csv,19925,8e677c26a2b468c57b3bb8dd7698cf6bd4bdc8a290d7cf8c5a0afb860f96c3dc
package/raw/param_shakti/full/logs/day3_byzantine_majority_f5_kmeans_softmax_seed42_workers.csv,82151,2586787dc76571b14bb27a715813c41ce22457c38f6ed1dce077416516b0fb1c
package/raw/param_shakti/full/logs/day3_byzantine_majority_f5_kmeans_softmax_seed43.csv,19855,fb5c6e3822298c23c92c7a2d4d45d6d9d29347b60b48ea0182f763d34d121fa7
package/raw/param_shakti/full/logs/day3_byzantine_majority_f5_kmeans_softmax_seed43_workers.csv,82108,68fbce4e59450a0d09a9c754bebc944b8ef8f2abfe74c524c566d63036918d5c
package/raw/param_shakti/full/logs/day3_byzantine_majority_f5_kmeans_softmax_seed44.csv,19911,8a77b142b6d8c7aec06b70917b07fd7946e049da198d086c11ac1b0a6608a33f
package/raw/param_shakti/full/logs/day3_byzantine_majority_f5_kmeans_softmax_seed44_workers.csv,82169,8cba2a0ef7c314dfcdee49c0aa778022a8a8302101b4ec1e6650b79872c5fb5d
package/raw/param_shakti/full/logs/day3_byzantine_majority_f5_krum_softmax_seed42.csv,9734,80c402b8e7a7b74726f8c14b1bc3bfc56b5edd014b70e82aba69e16fe24b2fd8
package/raw/param_shakti/full/logs/day3_byzantine_majority_f5_krum_softmax_seed42_workers.csv,1650,a729022b31664b9dd662cc02273a09d915beef06e5bcddf9db7149a1fb228103
package/raw/param_shakti/full/logs/day3_byzantine_majority_f5_krum_softmax_seed43.csv,9957,e6f8d41dec725a4607eb659fb12096b00041365b9d1cc52bc39efa550ff3329a
package/raw/param_shakti/full/logs/day3_byzantine_majority_f5_krum_softmax_seed43_workers.csv,3093,9816d5d48e91c239c5872fd57ac4a6e98242c85c36715a94a6ee71315fb29824
package/raw/param_shakti/full/logs/day3_byzantine_majority_f5_krum_softmax_seed44.csv,9734,d8e2f78b4673320c6221da068320c1d63d8ccf4138e7825db8d8aec68d020a24
package/raw/param_shakti/full/logs/day3_byzantine_majority_f5_krum_softmax_seed44_workers.csv,1641,5721f2b60559de07b30d78636d4d57c1cfb65449affc8d7e71cbb7158b9c7817
package/raw/param_shakti/full/logs/day3_clean_f0_none_softmax_seed42.csv,22592,85337ba534b1fdd071b0f6a8899dc665e8f7a6ad18c92393bf8eb29ea58885cc
package/raw/param_shakti/full/logs/day3_clean_f0_none_softmax_seed42_workers.csv,71274,3100c8a6926c4134d91d2e7b6fdb6dcb76c7d3502b07a6b98b8c44d3d624c2b6
package/raw/param_shakti/full/logs/day3_clean_f0_none_softmax_seed43.csv,22638,037eec529b1ed490d71f478c5c6e9d658091e776d7545931085c7e820ea356fd
package/raw/param_shakti/full/logs/day3_clean_f0_none_softmax_seed43_workers.csv,71251,fe4e01a847e7ec1a407000a298d2eda55db45333e0c83708a5e22c8168d226d1
package/raw/param_shakti/full/logs/day3_clean_f0_none_softmax_seed44.csv,22617,583021c7b52c5ca5d222fbab94abf4cf6a1218ea2b5fae4ae91de03ebd732ddc
package/raw/param_shakti/full/logs/day3_clean_f0_none_softmax_seed44_workers.csv,71349,7eafe0148310331393d156dfc20639f986b30d0a6a2ed1a14f1e2dea6649d171
package/raw/param_shakti/full/logs/day3_gaussian_f2_kmeans_softmax_seed42.csv,8185,dfee1b59bb94dff1515aea78eb1578f6537bda1477c75b1d73d639bf6c586385
package/raw/param_shakti/full/logs/day3_gaussian_f2_kmeans_softmax_seed42_workers.csv,173,6a0d6af1a0d5192b228154e26a14b3dbb29985678123d4860ae12f3f11a5fde7
package/raw/param_shakti/full/logs/day3_gaussian_f2_kmeans_softmax_seed43.csv,8185,0dcc005a66e1145b17d9fb30347f4d205f896bee0efd3abc8c0bca3dad8fced8
package/raw/param_shakti/full/logs/day3_gaussian_f2_kmeans_softmax_seed43_workers.csv,173,6a0d6af1a0d5192b228154e26a14b3dbb29985678123d4860ae12f3f11a5fde7
package/raw/param_shakti/full/logs/day3_gaussian_f2_kmeans_softmax_seed44.csv,8185,0ad6807ff60b91a3e59f5b66906a3ead652b0f5de736ea272d4a98ede9b40ff0
package/raw/param_shakti/full/logs/day3_gaussian_f2_kmeans_softmax_seed44_workers.csv,173,6a0d6af1a0d5192b228154e26a14b3dbb29985678123d4860ae12f3f11a5fde7
package/raw/param_shakti/full/logs/day3_gaussian_f2_krum_softmax_seed42.csv,22426,d6426ab17466bcbe8d0b887ef65cff5a4189f6cbc7b65c0dfb9c7499b6155559
package/raw/param_shakti/full/logs/day3_gaussian_f2_krum_softmax_seed42_workers.csv,73299,e19a92011049a73ef9682f21d6249a361b0f8ba4e06e9114d4b03fcbeb3635be
package/raw/param_shakti/full/logs/day3_gaussian_f2_krum_softmax_seed43.csv,22381,722c6fcfe74c898e69974ce1fef443a9b5346d23f94a7edfd30ea2270e48b44a
package/raw/param_shakti/full/logs/day3_gaussian_f2_krum_softmax_seed43_workers.csv,73401,cc1548376c66d921a80edb8cb2d0e575c570481e33a8dc840dadee16db17ad64
package/raw/param_shakti/full/logs/day3_gaussian_f2_krum_softmax_seed44.csv,22306,2e69c3e865cf5f6aee9404814a9209ec5bd580eb7a12f33b62ba289c3c396d0d
package/raw/param_shakti/full/logs/day3_gaussian_f2_krum_softmax_seed44_workers.csv,73335,6bb526c6e29790e6ca011e0f8838777bad5199b498bd756eb0f75238229fed77
package/raw/param_shakti/full/logs/day3_gaussian_f4_kmeans_softmax_seed42.csv,8384,ecd9a3a2657c031669252acdf8d87befad39513f43eb216147be6f12911f7388
package/raw/param_shakti/full/logs/day3_gaussian_f4_kmeans_softmax_seed42_workers.csv,173,6a0d6af1a0d5192b228154e26a14b3dbb29985678123d4860ae12f3f11a5fde7
package/raw/param_shakti/full/logs/day3_gaussian_f4_kmeans_softmax_seed43.csv,8384,4de24cb23bbadf28cd69482d7e41736f155d8c89d5b52835e7fa2b34c20f317d
package/raw/param_shakti/full/logs/day3_gaussian_f4_kmeans_softmax_seed43_workers.csv,173,6a0d6af1a0d5192b228154e26a14b3dbb29985678123d4860ae12f3f11a5fde7
package/raw/param_shakti/full/logs/day3_gaussian_f4_kmeans_softmax_seed44.csv,8385,ebe25d28f5c8cfad4a907fc60d8d42e66edd1814ef807993de89776df9c4acff
package/raw/param_shakti/full/logs/day3_gaussian_f4_kmeans_softmax_seed44_workers.csv,173,6a0d6af1a0d5192b228154e26a14b3dbb29985678123d4860ae12f3f11a5fde7
package/raw/param_shakti/full/logs/day3_gaussian_f4_krum_softmax_seed42.csv,19685,e798def6f1436731373b459793b5b4e7cd9f064676db1f83ed6d6382b67c6328
package/raw/param_shakti/full/logs/day3_gaussian_f4_krum_softmax_seed42_workers.csv,72264,63b8b33a9c054b59e8d5bc268c3810273ee2cfaba1a63fc9fd9f264e186936fb
package/raw/param_shakti/full/logs/day3_gaussian_f4_krum_softmax_seed43.csv,19607,49badded96a42577e023db14fce266954f66c75d58655b711e3d9585c8eee911
package/raw/param_shakti/full/logs/day3_gaussian_f4_krum_softmax_seed43_workers.csv,72065,965124d20711968dd859fc69616d47eae358e396e1f4a3d7fefbd834ac6b99fa
package/raw/param_shakti/full/logs/day3_gaussian_f4_krum_softmax_seed44.csv,19627,731eefcc2ea6efaf145320344c5e34512a4006d047b4771e5a98d760c67a02e3
package/raw/param_shakti/full/logs/day3_gaussian_f4_krum_softmax_seed44_workers.csv,72222,6bb6c847bd35fe10f5924afbbb7fa39e7893975d787d28262d5c7b9af979270b
package/raw/param_shakti/full/logs/day3_gaussian_f5_kmeans_softmax_seed42.csv,8485,30a433bf619c529f258a8fbe1841d0471c7b28834a9e3be20bbaf4443b95303d
package/raw/param_shakti/full/logs/day3_gaussian_f5_kmeans_softmax_seed42_workers.csv,173,6a0d6af1a0d5192b228154e26a14b3dbb29985678123d4860ae12f3f11a5fde7
package/raw/param_shakti/full/logs/day3_gaussian_f5_kmeans_softmax_seed43.csv,8485,81ab5c0c11c785327ff11d2e41b51db7f5e5f64b2d7837f30b68dd489abecc53
package/raw/param_shakti/full/logs/day3_gaussian_f5_kmeans_softmax_seed43_workers.csv,173,6a0d6af1a0d5192b228154e26a14b3dbb29985678123d4860ae12f3f11a5fde7
package/raw/param_shakti/full/logs/day3_gaussian_f5_kmeans_softmax_seed44.csv,8485,5c1d2ad7082f3995494cf06567d0e17954928baf0076271fed56da966e963b20
package/raw/param_shakti/full/logs/day3_gaussian_f5_kmeans_softmax_seed44_workers.csv,173,6a0d6af1a0d5192b228154e26a14b3dbb29985678123d4860ae12f3f11a5fde7
package/raw/param_shakti/full/logs/day3_gaussian_f5_krum_softmax_seed42.csv,18873,9cc8b94342cfc1accfc440ca30e8b2befc9fb0d83dbee219ef80514c1fe7f5f0
package/raw/param_shakti/full/logs/day3_gaussian_f5_krum_softmax_seed42_workers.csv,71256,acdde89834d14456faa7e7cd1bac8279cabdc6769807a0d70969443536c84016
package/raw/param_shakti/full/logs/day3_gaussian_f5_krum_softmax_seed43.csv,18804,0be9411ca9cc9f611d5ad64ace71f70bd162436d5fb55af182a5a3fd2e222c57
package/raw/param_shakti/full/logs/day3_gaussian_f5_krum_softmax_seed43_workers.csv,71322,cab852822714da26a2c0e1dc9e4c46a8d67e6687ab1e623aea191ef7315dcc9a
package/raw/param_shakti/full/logs/day3_gaussian_f5_krum_softmax_seed44.csv,18864,cac872bc40444662183ff6727542f244b2ad94bd1b012bb190bfffbede4590d5
package/raw/param_shakti/full/logs/day3_gaussian_f5_krum_softmax_seed44_workers.csv,71309,75b8aa9126eee00028504c753853044e4a91a38591aa6866bed5c5c9dd8c15fb
package/raw/param_shakti/full/logs/day3_mean_shift_f2_kmeans_softmax_seed42.csv,23785,620196537e3808f47ab737f45be4ac6d5ea5334537327bf08de845cff10932a4
package/raw/param_shakti/full/logs/day3_mean_shift_f2_kmeans_softmax_seed42_workers.csv,78855,522e5cfd33d8f46f3c9f543f304373a6679bb33839e53aa06bd0caf169e40b93
package/raw/param_shakti/full/logs/day3_mean_shift_f2_kmeans_softmax_seed43.csv,23461,f151601c572893e4039a7a35ec5c5ad9f7878c681b5ed8b4b2246e87cc1f75d7
package/raw/param_shakti/full/logs/day3_mean_shift_f2_kmeans_softmax_seed43_workers.csv,79300,6bd342e0dcbced2af75d28d07b7b1e3ad4576a7a0e7633395876ee7a3ff3110f
package/raw/param_shakti/full/logs/day3_mean_shift_f2_kmeans_softmax_seed44.csv,23264,7f72043dc0bce1b57cff77e389e75f7f278812f2f9a26787f439b6aa78e850dc
package/raw/param_shakti/full/logs/day3_mean_shift_f2_kmeans_softmax_seed44_workers.csv,78425,4385214abc4821f7ef6cb04f04e1250cbec13a7011a9fe7f0c814b2848a423bc
package/raw/param_shakti/full/logs/day3_mean_shift_f2_krum_softmax_seed42.csv,23287,c7f4c0b14f7e99af5f635fb552bdd0078f3d2bc21211ea1ad2159414be0fc194
package/raw/param_shakti/full/logs/day3_mean_shift_f2_krum_softmax_seed42_workers.csv,75328,01b5428ec9a3f27089de2548d002e5204f46c0ddbd37963a8d00b625801d2c8b
package/raw/param_shakti/full/logs/day3_mean_shift_f2_krum_softmax_seed43.csv,23304,98c0197711d746030511f602fab95b5f81cd9a74a826729fdd8739b2e16f75e6
package/raw/param_shakti/full/logs/day3_mean_shift_f2_krum_softmax_seed43_workers.csv,75339,ceab34940b82881f249f26926cf9ea54e73a0aa5395747c41fe8a7bc278456f7
package/raw/param_shakti/full/logs/day3_mean_shift_f2_krum_softmax_seed44.csv,23396,f18800b1c3bc6e159846a1ee9e371cef43939a05c4a0d668420ef33c24e59e2e
package/raw/param_shakti/full/logs/day3_mean_shift_f2_krum_softmax_seed44_workers.csv,75370,d14e6bb14708bade559ed456e841c3e54d7c57d8fdfeadb70b2ce2e309e4a98c
package/raw/param_shakti/full/logs/day3_mean_shift_f4_kmeans_softmax_seed42.csv,21112,dcac27db6cd64eaecb11d6d7297e7ab49916e855a846ee9049cc0ca936121ab1
package/raw/param_shakti/full/logs/day3_mean_shift_f4_kmeans_softmax_seed42_workers.csv,79245,99ca7d34d8e5fdba5c2e6960f099643a9f7818589accb615a5dce5c02eedf1a3
package/raw/param_shakti/full/logs/day3_mean_shift_f4_kmeans_softmax_seed43.csv,20943,e75fedf068de1c7297ffe28a89774cae4fb8499a761bab5d024294de39a3ee38
package/raw/param_shakti/full/logs/day3_mean_shift_f4_kmeans_softmax_seed43_workers.csv,79116,caf810097f6b91143a85018747562aff6479f875221ba3962c9eb971df4b9847
package/raw/param_shakti/full/logs/day3_mean_shift_f4_kmeans_softmax_seed44.csv,20676,908b85fe18440e6902eebf517dd1f0c404def221d829b8bc1f38bdd97ce6144a
package/raw/param_shakti/full/logs/day3_mean_shift_f4_kmeans_softmax_seed44_workers.csv,79324,028286341e1da34ccbd3c4124dff41972d870ee73595c8fe58b71c0d22b49fa0
package/raw/param_shakti/full/logs/day3_mean_shift_f4_krum_softmax_seed42.csv,19763,44a74ffcb2ec3e76ee61549f5c3371fbed35503236f621f3db2adc887a23eb73
package/raw/param_shakti/full/logs/day3_mean_shift_f4_krum_softmax_seed42_workers.csv,72958,7cefc0d14e795da0f3d9160bd51cd96e9658c05be617da74b26bf75a589fa34c
package/raw/param_shakti/full/logs/day3_mean_shift_f4_krum_softmax_seed43.csv,19773,e1ee2aaad0490aadebc1801b69b54f8ec33af1576e2610dcc047e74d6514a80f
package/raw/param_shakti/full/logs/day3_mean_shift_f4_krum_softmax_seed43_workers.csv,73361,4b5f64f502277e5f9b70e21d12c6b82bbe90334ab24cb48d9e6f6c2e0c3edd71
package/raw/param_shakti/full/logs/day3_mean_shift_f4_krum_softmax_seed44.csv,19779,b6cd8830502be413d750374c7f0894aa3c1e18f4c16a73a83fd0d50df9160d3b
package/raw/param_shakti/full/logs/day3_mean_shift_f4_krum_softmax_seed44_workers.csv,73091,a6182cf43baddd807e72c3afeab2d3edd57dd7b9cadc88707b6fe28dfd51ac1e
package/raw/param_shakti/full/logs/day3_mean_shift_f5_kmeans_softmax_seed42.csv,21199,a78dc5e949264c8c3f0e1ff6a92228b696c3902087bc85356ba40da083b18250
package/raw/param_shakti/full/logs/day3_mean_shift_f5_kmeans_softmax_seed42_workers.csv,78934,d31aa17f3a5488826bc5b1e1e495994977b28f5b7ea91c1501a0f5c216168a33
package/raw/param_shakti/full/logs/day3_mean_shift_f5_kmeans_softmax_seed43.csv,21676,1623732cac93a669bacee3bbfc76297b2f8c6d8248d5c13abf940ea41ecb7734
package/raw/param_shakti/full/logs/day3_mean_shift_f5_kmeans_softmax_seed43_workers.csv,78920,22a42295b80b2ce5bf6b7a2a625280e582da838414d4e9ba15478994a3cb0501
package/raw/param_shakti/full/logs/day3_mean_shift_f5_kmeans_softmax_seed44.csv,21480,3ada665a1c5b60aa681b5a64870774789a6335789000f9a6cb97a7d593d5936e
package/raw/param_shakti/full/logs/day3_mean_shift_f5_kmeans_softmax_seed44_workers.csv,78897,cbd56c2ed2c6a4cf850765b634a633bdff6b2c757f05be1f4deab43c4f6d3894
package/raw/param_shakti/full/logs/day3_mean_shift_f5_krum_softmax_seed42.csv,19062,97467e79c46264d1494a1af0ca3123dcad1c81eb096f7fa3ef20af4daf66768e
package/raw/param_shakti/full/logs/day3_mean_shift_f5_krum_softmax_seed42_workers.csv,73497,8249aee129e28d4fd4b73c78caf377eed5a6a146ecaafb5f8835a2b75d28d3d8
package/raw/param_shakti/full/logs/day3_mean_shift_f5_krum_softmax_seed43.csv,19086,a6be0bf9886876a9b90873334238bee4949a31efb5e934d9def0aa65fafd8ec1
package/raw/param_shakti/full/logs/day3_mean_shift_f5_krum_softmax_seed43_workers.csv,73358,cadf063c5045d3cd2bf0aa2d0027a3a76bf7f6df30dc4986fae5c6d36c9aa29b
package/raw/param_shakti/full/logs/day3_mean_shift_f5_krum_softmax_seed44.csv,19056,3b86c35af36236947d94389f843e0d841dcee365b5176c3e4d86ab3e6e4ae14f
package/raw/param_shakti/full/logs/day3_mean_shift_f5_krum_softmax_seed44_workers.csv,73437,c428fadc4d2670ce0a392b4167c355833f36b9446f8fbbb89350c62f92e13735
package/raw/param_shakti/full/logs/day3_zero_update_f2_kmeans_softmax_seed42.csv,24403,71dc699a3d53223fb1156fe3df7ef4f48949d608af3139409f362325f62b0cbc
package/raw/param_shakti/full/logs/day3_zero_update_f2_kmeans_softmax_seed42_workers.csv,73757,6e83b50c17b3c178a5ecab1bd7c48326b34d236a4b166ce1be796b71d98256b3
package/raw/param_shakti/full/logs/day3_zero_update_f2_kmeans_softmax_seed43.csv,24185,8375cd30b9db43221924977124dec766786d4d68d44df6f8dbebbdc8396d109b
package/raw/param_shakti/full/logs/day3_zero_update_f2_kmeans_softmax_seed43_workers.csv,73902,82e79e6bf62208eb41c0a3a42ac0276dab0f3d755b8b58734e48fa3c5eed9c3d
package/raw/param_shakti/full/logs/day3_zero_update_f2_kmeans_softmax_seed44.csv,24130,7b7cb7dd10d49ef035952b633e882eeb838d5943e264c754f96e7f8a580edfb8
package/raw/param_shakti/full/logs/day3_zero_update_f2_kmeans_softmax_seed44_workers.csv,73637,261dc925002d1da84a1efd664323e8f8083764a1f7bd3efcec12589680fbc7ca
package/raw/param_shakti/full/logs/day3_zero_update_f2_krum_softmax_seed42.csv,23477,bff070292c093026f5ee773870ed2e323331d936a718b1213b90af9b074bc9bf
package/raw/param_shakti/full/logs/day3_zero_update_f2_krum_softmax_seed42_workers.csv,70124,e01e198dd087d2259b9171cef24f2d1c2f60f6517100ca710a191c35ff7283f8
package/raw/param_shakti/full/logs/day3_zero_update_f2_krum_softmax_seed43.csv,23363,adafea31fb3130cc10bf954bf245602a3bded6a66bdbfb221a03d146e28d3b99
package/raw/param_shakti/full/logs/day3_zero_update_f2_krum_softmax_seed43_workers.csv,70307,7c23fa5058f311ca1417f9a2f9d3713f02b14be4b8c0ec974de63c7403307677
package/raw/param_shakti/full/logs/day3_zero_update_f2_krum_softmax_seed44.csv,23371,baf87f95e21f58e00fc659060fb3eb484642bdae84250889d9289362f58dc1ab
package/raw/param_shakti/full/logs/day3_zero_update_f2_krum_softmax_seed44_workers.csv,70210,0c3662ddea524e79b43ccd8af7fc019f160ff4cc0432686a9478a54582f71db3
package/raw/param_shakti/full/logs/day3_zero_update_f4_kmeans_softmax_seed42.csv,20968,ba164a739a683e611fb23e31349d130e25cef11c1a33aa708795f25987214f6a
package/raw/param_shakti/full/logs/day3_zero_update_f4_kmeans_softmax_seed42_workers.csv,68549,33267ce6602f87ed23866e22ffba04e53660710fe095187f9b179c49dd82f845
package/raw/param_shakti/full/logs/day3_zero_update_f4_kmeans_softmax_seed43.csv,21195,c9003e769bbf671a93035964ccc37f7e7f0e311d78769250fdfcc1c76c7d18c9
package/raw/param_shakti/full/logs/day3_zero_update_f4_kmeans_softmax_seed43_workers.csv,68519,4d1f67761fe9c5e6eada38218000f4573d8d48794cb015a22a5d319a259b311f
package/raw/param_shakti/full/logs/day3_zero_update_f4_kmeans_softmax_seed44.csv,21230,f95fff3ae7ea194ccb99b61584053ad66323ce735872681cae668e05174d6ac1
package/raw/param_shakti/full/logs/day3_zero_update_f4_kmeans_softmax_seed44_workers.csv,68520,f317a479015e639e7c6c932ce4d87fe57aa56eff146ff8238893388b73466a0e
package/raw/param_shakti/full/logs/day3_zero_update_f4_krum_softmax_seed42.csv,19762,3e42e99fa69a8ccda807ab004beaef5338be97dbf9ce50384cf75b188c54b1f2
package/raw/param_shakti/full/logs/day3_zero_update_f4_krum_softmax_seed42_workers.csv,62284,1dccdfb5d543528b8c6420d9243fe824097e36a88a4f19bbeff966785aef9ba4
package/raw/param_shakti/full/logs/day3_zero_update_f4_krum_softmax_seed43.csv,19794,69133a36dfbe5beea67da33e7b274bb4a06fc0ebba1c7b8f2ccf64f10f8b119b
package/raw/param_shakti/full/logs/day3_zero_update_f4_krum_softmax_seed43_workers.csv,62285,b022bdffa79f31551870a4e42a709b6494ebf4c8f40d5e034f4019d1f66d5b39
package/raw/param_shakti/full/logs/day3_zero_update_f4_krum_softmax_seed44.csv,19714,754392ba7a707df4b2951a2f597e3bdd4db0cc542d2ce6a95fd94ad4237030a1
package/raw/param_shakti/full/logs/day3_zero_update_f4_krum_softmax_seed44_workers.csv,62275,c0834140d40681150ba9bf23d7cab960442c9aeb561f1684068703f323aef1f3
package/raw/param_shakti/full/logs/day3_zero_update_f5_kmeans_softmax_seed42.csv,21653,aabfee3f41909e3c1a12f154d34f19b0079e91ac33d6e981ad4acd0c7b644364
package/raw/param_shakti/full/logs/day3_zero_update_f5_kmeans_softmax_seed42_workers.csv,65558,aeb34188c642d3d667f9e51ead4898a1ff6dcad3169d48003304deced99ee8cc
package/raw/param_shakti/full/logs/day3_zero_update_f5_kmeans_softmax_seed43.csv,23248,34ba261cefcc8c0ea4a2b7fb405bdf311e11af23c314d67ee80b059d15f6a081
package/raw/param_shakti/full/logs/day3_zero_update_f5_kmeans_softmax_seed43_workers.csv,65248,632bf52ebe7f89f4138fd6c8ecb1859a9f5cecf81fe62f2116b610974b85142a
package/raw/param_shakti/full/logs/day3_zero_update_f5_kmeans_softmax_seed44.csv,22702,ebd2de26b5964a1a689e31beaea3cb4ff992092c4e18aad941e5f968454b7f59
package/raw/param_shakti/full/logs/day3_zero_update_f5_kmeans_softmax_seed44_workers.csv,65347,e742b34de37cab3ad202eca4582212242962ec2cb729cdfeb6217fc123971097
package/raw/param_shakti/full/logs/day3_zero_update_f5_krum_softmax_seed42.csv,19053,b341441c92d4821919ec4fd68c30327d2d08ea064540d9b850089c9c8e875e93
package/raw/param_shakti/full/logs/day3_zero_update_f5_krum_softmax_seed42_workers.csv,59452,1d64ccbf739b4c104e7a5238c26e11dcf23430431dfe4bec909c70a502b25d76
package/raw/param_shakti/full/logs/day3_zero_update_f5_krum_softmax_seed43.csv,18997,5da5b5da016b14fa663b532862cedb041ff786b69f942193dcf1780f8d9c16eb
package/raw/param_shakti/full/logs/day3_zero_update_f5_krum_softmax_seed43_workers.csv,59452,0c740d41483ae41feed793235f7eb016cd3a2d233e0708c6c499df0bc50e2cdb
package/raw/param_shakti/full/logs/day3_zero_update_f5_krum_softmax_seed44.csv,19074,cf4cc241b6882fbccb209ea343feafd031600b3f40b1e8210f94a669e5c762c4
package/raw/param_shakti/full/logs/day3_zero_update_f5_krum_softmax_seed44_workers.csv,59497,ea14bb6abe6e0ad32457d3776e34088f392177ab1a563239ef8aafeff7dc3661
package/raw/param_shakti/full/logs/day4_seed42.csv,4405,7311c74544d7ea5b378ca1048c6b2605500003b817ace78d4f08f696e6657fa7
package/raw/param_shakti/full/logs/day4_seed42_standalone.csv,683,1b187295a4e38d099495a7b65b4b5aa121dac335e3155c7043b9631e2beb752a
package/raw/param_shakti/full/logs/day4_seed43.csv,4466,8607baa0da8f9644d48effa2e21483337518eb497729f4d21b4eaa2d434fed1f
package/raw/param_shakti/full/logs/day4_seed43_standalone.csv,686,266e9da6c0700f8de23c3541267998ad60b1fecf23c8d37c3b38e9be5903df75
package/raw/param_shakti/full/logs/day4_seed44.csv,4315,e6b902664c70c08cbf9ce01a88869cc20b06d13260c51031c8a3429a090ea75e
package/raw/param_shakti/full/logs/day4_seed44_standalone.csv,683,e206c2a02a0030f5ad770d8a3c6606e065b7e8d797a8eaaadac983c3206c33d4
package/raw/param_shakti/full/logs/day5_k2_seed42.csv,34194,404ca6f00397503c10a7765ef39737cd09c79ec18d0a7d62a91d68bcb8d504b7
package/raw/param_shakti/full/logs/day5_k2_seed43.csv,34102,b4aa8e4d42714a60767d0f2b4bb269577e10bfb601e9afad1ec5954dc80c5c43
package/raw/param_shakti/full/logs/day5_k2_seed44.csv,34111,3ea5d284056c8670a22918adc832ba121788a6208598f6c58103b39cfbdff737
package/raw/param_shakti/full/logs/day5_k4_seed42.csv,34480,7c11063493c9cb5842a6f5d01a3d125e29dd04febd8be8aaa214a186668131ea
package/raw/param_shakti/full/logs/day5_k4_seed43.csv,34372,7a389db69ccc2208b824ee32cb5ac7ef8728ddacf96957d8518ef2a0ded9a6f9
package/raw/param_shakti/full/logs/day5_k4_seed44.csv,34371,47d1ddb5f003017106f2eecaffa2f88749c325b1dd31898983d6917b0e64d19c
package/raw/param_shakti/full/logs/day6_clean_none_seed42.csv,3963,d01cfc8a70524e3519aacab9699d7a51eb5917cf2cc8a97e2ce04ed536c70d2b
package/raw/param_shakti/full/logs/day6_clean_none_seed43.csv,3949,26c029df4103f086e0e1e94568dab1f6d9d636b8072b2770e28fb5eb6ccacd4c
package/raw/param_shakti/full/logs/day6_clean_none_seed44.csv,3936,f9891284484214b974f98816f66aec01b8e64522313133901049a747d26b1e09
package/raw/param_shakti/full/logs/day6_gaussian_activation_activation_norm_seed42.csv,4972,0dabe4e5cde709bc45a9a5069cb1ba133d9ba750077496e4ee6edad3582d3a4e
package/raw/param_shakti/full/logs/day6_gaussian_activation_activation_norm_seed43.csv,5010,016ac4b1e4dd78f21cf178f420bcb149d5120c70413e0ae355de2775d2a12f87
package/raw/param_shakti/full/logs/day6_gaussian_activation_activation_norm_seed44.csv,5002,cff2bbbde174436bc3f69482cb3ddec52e62f393a2bb9b60d031bda78c38b46e
package/raw/param_shakti/full/logs/day6_gaussian_activation_none_seed42.csv,4542,d650db658b605a255132ce4c956c73e73e733f2fc777cca84e6a695da3ded317
package/raw/param_shakti/full/logs/day6_gaussian_activation_none_seed43.csv,4570,eb2ee148336ac6ef5e5228b1a6760642a370c0a289871d31c02276d1d4bbffc4
package/raw/param_shakti/full/logs/day6_gaussian_activation_none_seed44.csv,4578,b926ffd45b6cc578a0105de9f49aab056871d7e6c33225d17f73695bb9cf6b82
package/raw/param_shakti/full/logs/day6_sign_flip_activation_norm_seed42.csv,4583,57d7a017873ec619bb96863c9cecca6494a01898bf2fef0509db98d6e2f11c94
package/raw/param_shakti/full/logs/day6_sign_flip_activation_norm_seed43.csv,4609,51410af003589e4295fdd30767ee2e723ee47448409ac9d1ad6a18d798f14970
package/raw/param_shakti/full/logs/day6_sign_flip_activation_norm_seed44.csv,4560,49c7c5b89ce21a70c3145e9557b73f3271eceef755558b51716fbccd8b9f3827
package/raw/param_shakti/full/logs/day6_sign_flip_none_seed42.csv,4145,4ca09b62674f64fc18239e39bd5ec7c166185c1158a264388cb734802cec47fd
package/raw/param_shakti/full/logs/day6_sign_flip_none_seed43.csv,4163,6da97204ca5f9005eb78f8cbd441a86f2c2c214774c846215372457de5c86ff6
package/raw/param_shakti/full/logs/day6_sign_flip_none_seed44.csv,4118,01d2b987c43856fee703006e9f6f8642a611e231b1d39c0b04ca766ff15a994f
package/raw/param_shakti/full/logs/day6_zero_activation_activation_norm_seed42.csv,4760,7ba35a4880785e4db2e1082d3a6e2fa03ccaaf69d36da07f014d914d659a2d84
package/raw/param_shakti/full/logs/day6_zero_activation_activation_norm_seed43.csv,4773,d6297124a80988477ed10546c456fb6489446f17f508c7356d7c540c514a505e
package/raw/param_shakti/full/logs/day6_zero_activation_activation_norm_seed44.csv,4753,55f2e8ed7184d511e17cf5c878f1892e0f97345e2060ecc25ce9bdd9942eb756
package/raw/param_shakti/full/logs/day6_zero_activation_none_seed42.csv,4327,b89364fa53b4609b8d5d9dd236834b2534f1a8f15133e5914e217be0e9774005
package/raw/param_shakti/full/logs/day6_zero_activation_none_seed43.csv,4317,ad56057c3db3e0b927d413f4bbbae8de93b29a5cba69d68f30bcd3f5eda9bf24
package/raw/param_shakti/full/logs/day6_zero_activation_none_seed44.csv,4316,328844c21b5e8533350e2491714959eb0fca5f781299956c3c3e48d201e59765
package/raw/param_shakti/full/logs/day7_seed42.csv,2729,22e2ae73dba81cd9be129290611016e66dae6bb6f065c3b4291b2828183d7ac8
package/raw/param_shakti/full/logs/day7_seed42_standalone.csv,391,70788335f5e45f18597d0d0e6884132ee550881cd2029be5d5005f4d26df52b8
package/raw/param_shakti/full/logs/day7_seed43.csv,2790,db7f8b6e662c2044096f31ecc41ae77542b402ca8c5c8b0df7f0f17b0d8657d2
package/raw/param_shakti/full/logs/day7_seed43_standalone.csv,384,a02b2c86741d2bb431768bdded4b91367da0a0455f6a033db94b20fd70b91d2e
package/raw/param_shakti/full/logs/day7_seed44.csv,2791,1f839bcb2ebbe96d985711829efebf38d6fb056c5e199b9b3c721c67c0564b8b
package/raw/param_shakti/full/logs/day7_seed44_standalone.csv,387,72bf417ade766e2059f0fcd1fccad90a1e74a607930d1a9237debd8434dde081
package/raw/param_shakti/full/manifests/bundle_00_of_08.json,8898,a20e524ea850cbb5079cad438800d4bf294942145ff99caccfa3fec615d4abf4
package/raw/param_shakti/full/manifests/bundle_01_of_08.json,8439,d0be895d7407ddf785b7146771e42aca1c0f7e246802c1d7cdbe5e32f8b260b3
package/raw/param_shakti/full/manifests/bundle_02_of_08.json,8168,7c29ddf10e63e9bf3029f7b332b097b313a64e044442ced78527c6890fdac3aa
package/raw/param_shakti/full/manifests/bundle_03_of_08.json,8202,25b5ffca727fce8484db64c2cac1402aeebc30de556c39d5c7f779d42958a119
package/raw/param_shakti/full/manifests/bundle_04_of_08.json,8147,1b9abce99981cb20757bfbd5637776cc6c545e8e8f53f1cf49716f4b00856566
package/raw/param_shakti/full/manifests/bundle_05_of_08.json,9128,9ce853ef598c5e07870e9924a6b5b48ecbb1ce25ef982fdc9761927c8b771bac
package/raw/param_shakti/full/manifests/bundle_06_of_08.json,9412,13664cac78ced8046c78726183aba370ebdd7742984cad91f67e43ad2fef4f37
package/raw/param_shakti/full/manifests/bundle_07_of_08.json,9512,3f60f16d0eb365e8b079e1722550e91fe5c91dbf7741637005fabe4198252544
package/raw/param_shakti/full/manifests/data_split_602539_7.json,296,a1d89fecdad1122b0743a40bbed58c9f2dd5f296c58c2238ea62183f706aefe1
package/raw/param_shakti/full/manifests/data_split_602542_0.json,296,a1d89fecdad1122b0743a40bbed58c9f2dd5f296c58c2238ea62183f706aefe1
package/raw/param_shakti/full/manifests/data_split_602569_1.json,296,a1d89fecdad1122b0743a40bbed58c9f2dd5f296c58c2238ea62183f706aefe1
package/raw/param_shakti/full/manifests/data_split_602587_2.json,296,a1d89fecdad1122b0743a40bbed58c9f2dd5f296c58c2238ea62183f706aefe1
package/raw/param_shakti/full/manifests/data_split_602593_3.json,296,a1d89fecdad1122b0743a40bbed58c9f2dd5f296c58c2238ea62183f706aefe1
package/raw/param_shakti/full/manifests/data_split_602594_4.json,296,a1d89fecdad1122b0743a40bbed58c9f2dd5f296c58c2238ea62183f706aefe1
package/raw/param_shakti/full/manifests/data_split_602595_1.json,296,a1d89fecdad1122b0743a40bbed58c9f2dd5f296c58c2238ea62183f706aefe1
package/raw/param_shakti/full/manifests/data_split_602596_5.json,296,a1d89fecdad1122b0743a40bbed58c9f2dd5f296c58c2238ea62183f706aefe1
package/raw/param_shakti/full/manifests/data_split_602701_6.json,296,a1d89fecdad1122b0743a40bbed58c9f2dd5f296c58c2238ea62183f706aefe1
package/raw/param_shakti/full/manifests/data_split_602864_0.json,296,a1d89fecdad1122b0743a40bbed58c9f2dd5f296c58c2238ea62183f706aefe1
package/raw/param_shakti/full/manifests/data_split_602864_1.json,296,a1d89fecdad1122b0743a40bbed58c9f2dd5f296c58c2238ea62183f706aefe1
package/raw/param_shakti/full/manifests/data_split_602864_2.json,296,a1d89fecdad1122b0743a40bbed58c9f2dd5f296c58c2238ea62183f706aefe1
package/raw/param_shakti/full/manifests/data_split_602865_0.json,296,a1d89fecdad1122b0743a40bbed58c9f2dd5f296c58c2238ea62183f706aefe1
package/raw/param_shakti/full/manifests/data_split_602865_1.json,296,a1d89fecdad1122b0743a40bbed58c9f2dd5f296c58c2238ea62183f706aefe1
package/raw/param_shakti/full/manifests/data_split_602865_2.json,296,a1d89fecdad1122b0743a40bbed58c9f2dd5f296c58c2238ea62183f706aefe1
package/raw/param_shakti/full/manifests/day5_k2_seed42_rank0.json,471,c7b4d255bd341d4d88c8a7448e5e78139dda8161ee8e5cfba62f8cb1213d029c
package/raw/param_shakti/full/manifests/day5_k2_seed42_rank1.json,278,8f42db69c04fd83ff7b98db7e653ecc8f02dd863c9d2274fa946366ff9e530de
package/raw/param_shakti/full/manifests/day5_k2_seed43_rank0.json,471,0c0eeb4f9c5a6c5e681b0b9a455471a796776c3f988e62c4cd61e42b3202dde6
package/raw/param_shakti/full/manifests/day5_k2_seed43_rank1.json,278,8a3e7468973cf847e8194c20fc55a7a12448a83e0e1e0c0a9c4cb8d48e5bef12
package/raw/param_shakti/full/manifests/day5_k2_seed44_rank0.json,471,fd9a0b7b7ca06d8716519bc2c07c95d3b40e0a0a34719d2f18c657050874b624
package/raw/param_shakti/full/manifests/day5_k2_seed44_rank1.json,278,a37eda1a4248f3ba6df815c75581edfb55cbb9794caa14a1c57125a83b5ce3bc
package/raw/param_shakti/full/manifests/day5_k4_seed42_rank0.json,422,490f828e0a2507377c65484a0878d35851475a0fcf8351ddc188e96a56b8ce70
package/raw/param_shakti/full/manifests/day5_k4_seed42_rank1.json,282,f5b78951e75b70f50cb20bb80f513247b0d696e1a4dc257728bd63497ca79961
package/raw/param_shakti/full/manifests/day5_k4_seed42_rank2.json,266,ea87f6ece9cef3c3c3e5059369f522075a98c64e0b0405bf5f4d894059a2941e
package/raw/param_shakti/full/manifests/day5_k4_seed42_rank3.json,244,9bb70a4a805f510885f081835dba168cbba5573167348a79d38b595daa60bfdf
package/raw/param_shakti/full/manifests/day5_k4_seed43_rank0.json,422,53d777165be1faf2b4c2e0f8a83cf3df98e2dc3a9ce00bdfff7cc732ac63a250
package/raw/param_shakti/full/manifests/day5_k4_seed43_rank1.json,282,efbcfb132944a81bcc5afe634d0533d683a29b900b4aae2bd48ab710cae55496
package/raw/param_shakti/full/manifests/day5_k4_seed43_rank2.json,266,b9e5a6bc3bf6a53dee1de12fa500291fd630381a54d85fcc212b90fe80dc61d1
package/raw/param_shakti/full/manifests/day5_k4_seed43_rank3.json,244,eaaac4e5458019a0134a44b0b16fd5c09e5d99c1171525bb70ad43d2fb19d257
package/raw/param_shakti/full/manifests/day5_k4_seed44_rank0.json,422,7abaafcf9f438264e193f0adf8551306323fb7885d36f315dabdc0fb95c9bc3e
package/raw/param_shakti/full/manifests/day5_k4_seed44_rank1.json,282,aaf0051947bda1a8b2eabd37a27793392a23632a744e5b1c137444d0c6418ccf
package/raw/param_shakti/full/manifests/day5_k4_seed44_rank2.json,266,dde0018bf6b621498372187759d6ad468b251e10eda807af48372cfbb794c641
package/raw/param_shakti/full/manifests/day5_k4_seed44_rank3.json,244,abf256b670463bec2b4f39bd6868fc77d671438def016f77782c64e178c627f4
package/raw/param_shakti/full/manifests/environment_602539_7.json,1789,4e4e594d86a2252da656134b4f04ad24c94d386e7a6adba1ed82c03ad327d648
package/raw/param_shakti/full/manifests/environment_602542_0.json,1789,28845bd1dd4f863efc5622f8b8d700a589fa262905dce72dbd4e5194511eec26
package/raw/param_shakti/full/manifests/environment_602569_1.json,1789,158c0fd9d4592befa1b65bb07c2f931e67b08b090e9839f67b32c42189ca1d54
package/raw/param_shakti/full/manifests/environment_602587_2.json,1789,e1d87d554e31593dcd4aeb6d42749d72f2cfc182117e58163fd4850954aa9572
package/raw/param_shakti/full/manifests/environment_602593_3.json,1789,630369db0ed71d5d2c4ac03f338d3f1f17c0b93b790fc467cd6202e3ba792023
package/raw/param_shakti/full/manifests/environment_602594_4.json,1789,3a6439ef34b5dae65e5de02a5507331ff9cb553cf9ba2ce654ca4ded944220d4
package/raw/param_shakti/full/manifests/environment_602595_1.json,1789,777e2cf41bc75166d514e3e0839e45cb425608c1e6e74b2f4e3a8add03a416a3
package/raw/param_shakti/full/manifests/environment_602596_5.json,1789,2a6f23aa1affe67559992326219c71b8f3a8ad9c27a8f477c0ffee942e594f07
package/raw/param_shakti/full/manifests/environment_602701_6.json,1789,4e4e594d86a2252da656134b4f04ad24c94d386e7a6adba1ed82c03ad327d648
package/raw/param_shakti/full/manifests/environment_602864_0.json,1891,a54089e51b3e45e090de6ac29dea735e521f361b26711b5f871ea3647d596fd6
package/raw/param_shakti/full/manifests/environment_602864_1.json,1891,7816806bfb21bc53ae138a35b357fb80858b05cb9b789163ac7f0b1eec8be7ec
package/raw/param_shakti/full/manifests/environment_602864_2.json,1891,234435329fa89b292a42e29351d5c87645f1ae53170a7cc151828777f7d6c709
package/raw/param_shakti/full/manifests/environment_602865_0.json,1891,2c4c963041f70d7dac0bf9d5450018a450b5530e81e9d424e6307ddd95850109
package/raw/param_shakti/full/manifests/environment_602865_1.json,1891,e498e853c165aafe1e4977e5c50927a4a5a936b9af18d022adf2106f8012e673
package/raw/param_shakti/full/manifests/environment_602865_2.json,1891,4e8474e63956835df0f131d93fd61ed100df23a454b16552a18eac8ae8a38d63
package/raw/param_shakti/full/summaries/day1_seed42.json,626,c65fb8de98518fb57cba1e4125e5b0464cf2cf456ac73139f996c9fe83edb42b
package/raw/param_shakti/full/summaries/day1_seed43.json,627,987300e3ea684281c3358f08e2b10d0e0b9bdfa7329ea8215b137c434a15dc37
package/raw/param_shakti/full/summaries/day1_seed44.json,627,dfa1c5de6decd8fe4dce86281b78a805879aec845b4395a7ed07f926a27a729d
package/raw/param_shakti/full/summaries/day10_baseline_kmeans_topk_seed42.json,994,a9fcdfa4417b3b1fb60331bf371a108b4ed68e56754216813c70185b17b2dff2
package/raw/param_shakti/full/summaries/day10_baseline_kmeans_topk_seed43.json,992,fab323049915194de0b01ee83a3acbc2fbddb855610016ee560d6855b34a5854
package/raw/param_shakti/full/summaries/day10_baseline_kmeans_topk_seed44.json,978,06e02d1e601055d38afd36efb3f82b3c6205e3d4c370532484e53754a25980ea
package/raw/param_shakti/full/summaries/day10_plus_krum_topk_seed42.json,966,834c656b755e7cd7433a8aa2563dc4a48068769fde2b8b102c06afda2500dd4b
package/raw/param_shakti/full/summaries/day10_plus_krum_topk_seed43.json,966,7e17b6035ad0587c6b4b37bd5e2a88871c425971c04b8624105bf099415920de
package/raw/param_shakti/full/summaries/day10_plus_krum_topk_seed44.json,966,7e0a553b68cdc28710df776135b68e0263055a570fa42a5e3a34098fdbff73ba
package/raw/param_shakti/full/summaries/day2_n2_softmax_seed42.json,917,547ea210af6b7639abc73271ce90eb10a42f7e8ce1255634e889e4b90bdb6f22
package/raw/param_shakti/full/summaries/day2_n2_softmax_seed43.json,917,c3801fa1d305b7be37442775610a9258011cf57a8a6353eaacfe68bbc8a624a3
package/raw/param_shakti/full/summaries/day2_n2_softmax_seed44.json,916,87b59cf7087fbc1d95545a7db2c7664b8bf7e8341580776607d183b77c462b38
package/raw/param_shakti/full/summaries/day2_n2_topk_seed42.json,902,47b0c417f34b3233a9b1a6f89837638e0070cffb0899ccbecb4ed285bb327084
package/raw/param_shakti/full/summaries/day2_n2_topk_seed43.json,902,0ad35c42dacf9a65af7f460979f9c461084730ba0f258d5fa46ab42b2af3fe90
package/raw/param_shakti/full/summaries/day2_n2_topk_seed44.json,900,6679f480e24350822805a83ce7e08ac351f38066d7a3d297b40e9b4b316a92e8
package/raw/param_shakti/full/summaries/day2_n4_softmax_seed42.json,916,b94a161ed4d991c0d9cc7bb6cbcbf910f729db8d004d02d807f13a1d9069651c
package/raw/param_shakti/full/summaries/day2_n4_softmax_seed43.json,917,8d70057d3d356a8e3dbaeb2175f0aa5e67a0a1c07b940dd1656b00d57703b4a1
package/raw/param_shakti/full/summaries/day2_n4_softmax_seed44.json,917,6cf0ce9b2dc0b0fbbde5633749bd2dcd5739740f3c5dc42f6c932c03b2cf1c1a
package/raw/param_shakti/full/summaries/day2_n4_topk_seed42.json,902,17802d494b44f366ddc1f0fc67e4405a3740ce1f4564d42624c45c62f7a15212
package/raw/param_shakti/full/summaries/day2_n4_topk_seed43.json,901,bb00e97e3fddc2000b5369540a5c6175596d694a24767ce2530a561c6c4410e0
package/raw/param_shakti/full/summaries/day2_n4_topk_seed44.json,901,06e9abad45a8ab38784d47f0fa8e1d17a4c9d588ccbb0c425d98dd468c27df48
package/raw/param_shakti/full/summaries/day2_n8_softmax_seed42.json,915,767b664992c8447f78a6145874b29fc0e98016e79bd8c947b34af0e5f848fce4
package/raw/param_shakti/full/summaries/day2_n8_softmax_seed43.json,917,03c08eb9f9ea90b7b853e86afc24a106284b31bb380a3e6872cadcdf447f7fa4
package/raw/param_shakti/full/summaries/day2_n8_softmax_seed44.json,916,6aa2b08473bd38099231586c20735e8319f1cc532ed3cb88411078024b252946
package/raw/param_shakti/full/summaries/day2_n8_topk_seed42.json,901,42edfa6b3cdd4576b546ce957dbea477ac58d8665a16c49f35480aaae31282c3
package/raw/param_shakti/full/summaries/day2_n8_topk_seed43.json,901,5c2c9de0d2a2b5ed492d19f1815a1b4f0c328cb7bd77ddda6bc6f9b31b8e0a56
package/raw/param_shakti/full/summaries/day2_n8_topk_seed44.json,902,dd52e01188e9dd5ce213b47517da01ea8bab34ba133bcc539f20d6f3e2f4c5da
package/raw/param_shakti/full/summaries/day3_byzantine_majority_f2_kmeans_softmax_seed42.json,1046,d5675a5bbddd6020b1883e910a0da307a7189ac0d0dd0f74622950bb4b77d158
package/raw/param_shakti/full/summaries/day3_byzantine_majority_f2_kmeans_softmax_seed43.json,1047,3e2a0093ac3eb94b7a03aad9ea6aca93a0dfc9c276b4a2df7b6b01df9fd1ee34
package/raw/param_shakti/full/summaries/day3_byzantine_majority_f2_kmeans_softmax_seed44.json,1047,d451c2dbb70d6f054e60f0bc29ecb19583ee407427578c8bc2bd882558dfe83c
package/raw/param_shakti/full/summaries/day3_byzantine_majority_f2_krum_softmax_seed42.json,1037,b6d0b61d18725d8ac1ff9efc323d1b5a7346a3b6cd8e4f7744cf0b0ac0dcf70c
package/raw/param_shakti/full/summaries/day3_byzantine_majority_f2_krum_softmax_seed43.json,1038,452a9e50963dd3ac9f2283fa5f9a9c3f41bce5b06d9467de61c7bf67f6876026
package/raw/param_shakti/full/summaries/day3_byzantine_majority_f2_krum_softmax_seed44.json,1037,08b7f78c6c3e1468a400728e0d7e02aaf06619dda3aacced414db55c7d928609
package/raw/param_shakti/full/summaries/day3_byzantine_majority_f4_kmeans_softmax_seed42.json,1065,0360b2497ad80d680401c9ac255fcc622dba4a25d792e2f76cbf4375c04b3ef5
package/raw/param_shakti/full/summaries/day3_byzantine_majority_f4_kmeans_softmax_seed43.json,1064,be3c9acff0101edda27e103b29bd462ebde900fde9a3964374c2e89963c2b8e7
package/raw/param_shakti/full/summaries/day3_byzantine_majority_f4_kmeans_softmax_seed44.json,1065,3ee736ed5ed611df84dd5d0033ed21bdda30e8a1887e4a55b15fef6eb9747e77
package/raw/param_shakti/full/summaries/day3_byzantine_majority_f4_krum_softmax_seed42.json,1054,b55ab465cd7cf766be4f486d0f3210389b87ba68ae1a037f5a7a7bce9c1f8638
package/raw/param_shakti/full/summaries/day3_byzantine_majority_f4_krum_softmax_seed43.json,1055,995ef8f86f4d688bfba6a36d905f5b213c47b72e3b573633d4f614b2d481fdb9
package/raw/param_shakti/full/summaries/day3_byzantine_majority_f4_krum_softmax_seed44.json,1055,5f482ff1adc797b10557b2fe73b3c487d2f86a4bc360e0cf8ba43e95e4d5181d
package/raw/param_shakti/full/summaries/day3_byzantine_majority_f5_kmeans_softmax_seed42.json,1068,5f537d1c4eaef9bb62b54020694f513d6b5da16353b7c57118ef461dfd17ec8b
package/raw/param_shakti/full/summaries/day3_byzantine_majority_f5_kmeans_softmax_seed43.json,1068,36d7fadc8c78868761a1e79cafe45382c4b2c0ffbceeda5444997a88011fe053
package/raw/param_shakti/full/summaries/day3_byzantine_majority_f5_kmeans_softmax_seed44.json,1068,0e3402c34ef9c4d2522fb36d6ccdf28754ffdcb242edc4f8c5ffda0d95040c4b
package/raw/param_shakti/full/summaries/day3_byzantine_majority_f5_krum_softmax_seed42.json,1061,392d19078fae47cfd87c521b92ca722be7c8248136810e0fc2c19982eaadaf25
package/raw/param_shakti/full/summaries/day3_byzantine_majority_f5_krum_softmax_seed43.json,1061,215d9bfb76bb2dddcff68380a71881d4a339d2cbdffeda5cd76bd38bbe99968a
package/raw/param_shakti/full/summaries/day3_byzantine_majority_f5_krum_softmax_seed44.json,1061,57a5fd500630e3703a05335ace13dc72a3039d852e9e5a1c806cd0b0eda38e76
package/raw/param_shakti/full/summaries/day3_clean_f0_none_softmax_seed42.json,958,653d8f96160c5c2dcbeff74899d6e63fbf0f32b67f5a6a348e0b53170c3d661b
package/raw/param_shakti/full/summaries/day3_clean_f0_none_softmax_seed43.json,958,33de7dc64936d78318e9fdad61374c058db9600a6db26529622422a97b5440f4
package/raw/param_shakti/full/summaries/day3_clean_f0_none_softmax_seed44.json,958,ae522a2159e2867df82d98d33d47ec7543635ba540c093515078782b2984ae99
package/raw/param_shakti/full/summaries/day3_gaussian_f2_kmeans_softmax_seed42.json,895,9113436dab3bb60d6ea82e7e2febc7b8d07615f7e5509f6cd20ce8ee1b0fc465
package/raw/param_shakti/full/summaries/day3_gaussian_f2_kmeans_softmax_seed43.json,894,6bf2d65309d2e10def9557ee8738bed9ba8755b742c926b2db24a60b2e36d5a1
package/raw/param_shakti/full/summaries/day3_gaussian_f2_kmeans_softmax_seed44.json,894,59ac601488c33aeb6ba699320b17ef0adc2d193b10b9a4d0aa8a3a52faab6956
package/raw/param_shakti/full/summaries/day3_gaussian_f2_krum_softmax_seed42.json,986,b6debcf2d4b015fc3edeb22447fd91b2be2f32adfdfb2e86a336a234f6d1377c
package/raw/param_shakti/full/summaries/day3_gaussian_f2_krum_softmax_seed43.json,987,682c5b7f5fb31b1662f16d00abd43e0327834b3278f41dba07e8ba92bfd9d68c
package/raw/param_shakti/full/summaries/day3_gaussian_f2_krum_softmax_seed44.json,987,a0cb3ba715296ce32ae621b72835b3650d9130e190a168faeb08d67c95318659
package/raw/param_shakti/full/summaries/day3_gaussian_f4_kmeans_softmax_seed42.json,908,72d1f00abd472348fdac58a840eb6c944cddc4dcef376cdc19cc3f50407da9bf
package/raw/param_shakti/full/summaries/day3_gaussian_f4_kmeans_softmax_seed43.json,909,8d153a89d17100dbc971df83ce8474366b47d36f6033ad4275e2e1857565c72c
package/raw/param_shakti/full/summaries/day3_gaussian_f4_kmeans_softmax_seed44.json,908,9a2a84468917e447b54510bff001c434adda02b15e90d24063c53c46c07a028c
package/raw/param_shakti/full/summaries/day3_gaussian_f4_krum_softmax_seed42.json,1001,06efcc802efb3c92d9fb59dc2ff13cbde6b72428914cc386f7b94aa9de01cd24
package/raw/param_shakti/full/summaries/day3_gaussian_f4_krum_softmax_seed43.json,1000,b0c3d0d1f8ff922d84ce6e6c925a84375906e92abec8e00899f26e155d73a221
package/raw/param_shakti/full/summaries/day3_gaussian_f4_krum_softmax_seed44.json,1001,983a4fc17c721b725da587718aff28ececd593e5bdddd2b1b6919f29bce6a046
package/raw/param_shakti/full/summaries/day3_gaussian_f5_kmeans_softmax_seed42.json,916,42ec406902610dd65e40127e6037f41f82007f2877166d5d74b2d652851bcb1e
package/raw/param_shakti/full/summaries/day3_gaussian_f5_kmeans_softmax_seed43.json,916,8ad3d5ec05c7be0675ae28081ea4c785a46e1f5c59fbe25138b3ced723cebe6d
package/raw/param_shakti/full/summaries/day3_gaussian_f5_kmeans_softmax_seed44.json,915,199cae8dc8dbff1581f28299d4d641ad524a6909024399efad71f1573d267c88
package/raw/param_shakti/full/summaries/day3_gaussian_f5_krum_softmax_seed42.json,1008,61f8a68ef8be4e9809feb885ceb2dd2a06885451d69c82204d8ae5263ee6a11e
package/raw/param_shakti/full/summaries/day3_gaussian_f5_krum_softmax_seed43.json,1008,b6805cb78b060148de92c6011496d1931920db642135988850742729b4b8e34e
package/raw/param_shakti/full/summaries/day3_gaussian_f5_krum_softmax_seed44.json,1007,45babed0419121feea9ec33f5ff316a46125ff307fef08bc2e185e64fb4b0a19
package/raw/param_shakti/full/summaries/day3_mean_shift_f2_kmeans_softmax_seed42.json,1023,11b095b72fb436ca4b810c50244af174cafe7ac3ef739d7b56280ad9447016f8
package/raw/param_shakti/full/summaries/day3_mean_shift_f2_kmeans_softmax_seed43.json,1023,c40efec87bf78c610c3668e06bb2fac2162272da6faef0d27a3ef6fef901ab8f
package/raw/param_shakti/full/summaries/day3_mean_shift_f2_kmeans_softmax_seed44.json,1007,9798052250337b3759245d2d648c1c6eb9fc8fe883600db56c0bb0436d97f5af
package/raw/param_shakti/full/summaries/day3_mean_shift_f2_krum_softmax_seed42.json,1011,9d46421d2bb2bf92f84f3683443139a87876273ac957697d0617a80921eeb958
package/raw/param_shakti/full/summaries/day3_mean_shift_f2_krum_softmax_seed43.json,1012,a12049048c5e6dd3c33243fd2b49e1fe320b931a8beb3b12c0f89f231b1affef
package/raw/param_shakti/full/summaries/day3_mean_shift_f2_krum_softmax_seed44.json,1013,5ddcf4eca88b5db77de72a8ff60f101296748256f7fe71b3a29aacdc3a4ce800
package/raw/param_shakti/full/summaries/day3_mean_shift_f4_kmeans_softmax_seed42.json,1021,abbcdaf5a5ad739ffc7cc2de4e4825c0b14d5a3352b1ec674e43f76264a7d51f
package/raw/param_shakti/full/summaries/day3_mean_shift_f4_kmeans_softmax_seed43.json,1021,938a9b5a8e152c6880003d43997bf61921cfc9d32711d39c1b567f0f2c573213
package/raw/param_shakti/full/summaries/day3_mean_shift_f4_kmeans_softmax_seed44.json,1022,fba726744930796bbcabc9a3a41798faee1a59d8dd9457c55f1217b52576db7f
package/raw/param_shakti/full/summaries/day3_mean_shift_f4_krum_softmax_seed42.json,1011,d36d316cb0fa34128c14585c3ea9c0a67726a6aa96b09cb11180b95660ac0338
package/raw/param_shakti/full/summaries/day3_mean_shift_f4_krum_softmax_seed43.json,1011,56c736cdd649844f04e69a5746bc4bf4159c92cd001b95910ff750f20c0a61e6
package/raw/param_shakti/full/summaries/day3_mean_shift_f4_krum_softmax_seed44.json,1011,4c689eb137a8e6eb388830046658831cd99b828aab741d4b6c126090af79dda9
package/raw/param_shakti/full/summaries/day3_mean_shift_f5_kmeans_softmax_seed42.json,1044,2157669f3e9c2315d291af476c18997fca44ae1da7f78eb866c7fd2361407202
package/raw/param_shakti/full/summaries/day3_mean_shift_f5_kmeans_softmax_seed43.json,1043,4afb8408c855dc18e9bd09366c991eb66acd1cd56f64a60b479029351d3d1cff
package/raw/param_shakti/full/summaries/day3_mean_shift_f5_kmeans_softmax_seed44.json,1028,03706cca83818d6e40bc5aae9ac78d7f00c9987e4d23fd93990252447672f01a
package/raw/param_shakti/full/summaries/day3_mean_shift_f5_krum_softmax_seed42.json,1018,e3a14e80b92c1e7ec993aab5585a7846986efdd25e722354fe2cc4b7c002ef85
package/raw/param_shakti/full/summaries/day3_mean_shift_f5_krum_softmax_seed43.json,1017,a8ae8301fdb229b5d447eef5ddd3950627c3e4f146328a5b9a5dc1024118fc8c
package/raw/param_shakti/full/summaries/day3_mean_shift_f5_krum_softmax_seed44.json,1018,b4a7472955ccb23ece19ee61ef295b6667d4199278a1c709d3519eb08e3f38bd
package/raw/param_shakti/full/summaries/day3_zero_update_f2_kmeans_softmax_seed42.json,1028,54b5803718f452534a4c3341e72b9068941a4ddd2d85f0b9eda7db851ac89423
package/raw/param_shakti/full/summaries/day3_zero_update_f2_kmeans_softmax_seed43.json,1029,faa3c09a7307bfd6aea0fb3c9dcc09d425f4f91326d92c50c4cd505298c3f7bd
package/raw/param_shakti/full/summaries/day3_zero_update_f2_kmeans_softmax_seed44.json,1028,b5e353798b3ce580c9b741cbf986164c114ceac1c0cfc84215b50c400545ad35
package/raw/param_shakti/full/summaries/day3_zero_update_f2_krum_softmax_seed42.json,1018,b83473b5d53ce7336b1a6481def7110dac607f9208f23e5acefacc18e8924915
package/raw/param_shakti/full/summaries/day3_zero_update_f2_krum_softmax_seed43.json,1017,b86d0b2d43c923a366ba9fdc422d73e4a75f799b85e6287dd8accc67d095ad14
package/raw/param_shakti/full/summaries/day3_zero_update_f2_krum_softmax_seed44.json,1016,277ff43807f3f3c70a95ac774122bf8e4fc0687f2fe86b4adb29e1ff245561c6
package/raw/param_shakti/full/summaries/day3_zero_update_f4_kmeans_softmax_seed42.json,1026,c8062778e4a1da1f512b0df5a6d8271bb993a198f0a23be663a4c415a3f9522d
package/raw/param_shakti/full/summaries/day3_zero_update_f4_kmeans_softmax_seed43.json,1026,404955c911992dc53f370f68f527d4701d7fc7ebf3af9106448986461b175181
package/raw/param_shakti/full/summaries/day3_zero_update_f4_kmeans_softmax_seed44.json,1026,6bd62e7e5ff8898d39c0917190b3e7b20c6a2d12b8e3c271fcaec00660e494c9
package/raw/param_shakti/full/summaries/day3_zero_update_f4_krum_softmax_seed42.json,1013,855f5bc4eadc231c576c25819a061f944171dbe547e514e7126ce5b21cbc5370
package/raw/param_shakti/full/summaries/day3_zero_update_f4_krum_softmax_seed43.json,1013,8a768d24e6c51419bcff18281601196a6b7ac41ee538fc22dd8428e104f10cc6
package/raw/param_shakti/full/summaries/day3_zero_update_f4_krum_softmax_seed44.json,1013,81f7f7e945e73b449a84b61419e32666bcac28142d7f206eda593f86ab7e30ec
package/raw/param_shakti/full/summaries/day3_zero_update_f5_kmeans_softmax_seed42.json,1049,a87e3ac42e4b8763c37522fa70a4c3b4470d3bc8a5f4bf02e3c1206ceeb11f7b
package/raw/param_shakti/full/summaries/day3_zero_update_f5_kmeans_softmax_seed43.json,1033,b9399a7b06ba7de6bfe2b8e9e6f25aee074eea1b870142f5ea9ec8864267b1c0
package/raw/param_shakti/full/summaries/day3_zero_update_f5_kmeans_softmax_seed44.json,1033,9b9d7176bc657001286593c5bd7785aa8cb614c5e7d07d6e80accc179920dc0a
package/raw/param_shakti/full/summaries/day3_zero_update_f5_krum_softmax_seed42.json,1019,38a71216e171be27dc584dca9c5276dd255153b3617a6a1781ef1fb2b0baec8d
package/raw/param_shakti/full/summaries/day3_zero_update_f5_krum_softmax_seed43.json,1020,11fa80197b439139a791e407d42a9a27e1e27dc855cde8b2f6f1afe258b67cbe
package/raw/param_shakti/full/summaries/day3_zero_update_f5_krum_softmax_seed44.json,1020,4cce6573dfb871fb896e9a961ef08df2664bd911e511490aa1ed6e4b76ede500
package/raw/param_shakti/full/summaries/day4_seed42.json,484,9ba6e9b515fd9fce111be8158ad62315bec30e073c59616fbb066fb23bb50290
package/raw/param_shakti/full/summaries/day4_seed43.json,484,d865a2f21456c630b9bda993947c58246d4178c039039ea95704c42e93d2cbf0
package/raw/param_shakti/full/summaries/day4_seed44.json,484,39fef4bcf0bb80d4e229c412fd50e929c29f74994d9f565cd1663546b5ea8e4b
package/raw/param_shakti/full/summaries/day5_k2_seed42.json,437,e3165ea95330f87cf70be3839988664caca62426ea66e7ee9e7b28660f4e65d9
package/raw/param_shakti/full/summaries/day5_k2_seed43.json,437,847d965a4c12fc12c35f8ce7a069d8eb468e70f9e23b913385eacc9fbe06d122
package/raw/param_shakti/full/summaries/day5_k2_seed44.json,438,41020558ca8dcd100ebbc30ad1a557dd131d64fdf4d2607486d63b55a4bc2400
package/raw/param_shakti/full/summaries/day5_k4_seed42.json,437,9e9d4edaf2981017da08c7eec528731c4ace144b08d1d82e597111289bb93a65
package/raw/param_shakti/full/summaries/day5_k4_seed43.json,437,c3968b51fec8dc3893625d46572029433a3de39dae413f2cee33ee3f999af23a
package/raw/param_shakti/full/summaries/day5_k4_seed44.json,438,534729b5bca8d546ea3480feeab8d5ac9082fb1da396b22fb976a0ff78fefe70
package/raw/param_shakti/full/summaries/day6_clean_none_seed42.json,426,66cf2eaf12ed386155aeebc83522be953e1d8a462d9a16bb456a6c284ee6fbcf
package/raw/param_shakti/full/summaries/day6_clean_none_seed43.json,426,6df4a0ab25636f5fe0aae07b855094fe648f0eefcc3661060ed57267367363a9
package/raw/param_shakti/full/summaries/day6_clean_none_seed44.json,427,2bd6a5fd1ffaef9d71a51559a6500beb6514ba1b00d367c46ea535639b05cfe3
package/raw/param_shakti/full/summaries/day6_gaussian_activation_activation_norm_seed42.json,503,d1803768da0250aab55947852a57826db3de89299505a8efc728d14f020b875a
package/raw/param_shakti/full/summaries/day6_gaussian_activation_activation_norm_seed43.json,506,468276aaf59c7f58f1ed1a3c955c6bd89d0dffffbe3279b6e1425cc32989bf0d
package/raw/param_shakti/full/summaries/day6_gaussian_activation_activation_norm_seed44.json,504,5f566c970c3ddcf00ff2795766497c3fe540be8c2fc34b71c4048eaec9b4f10d
package/raw/param_shakti/full/summaries/day6_gaussian_activation_none_seed42.json,461,5bd208cd814c3461cb3fbfb2374cda78742f99c16c222bba1525eb3705602123
package/raw/param_shakti/full/summaries/day6_gaussian_activation_none_seed43.json,464,d74e6043c3b037d4649d04bed722d07bc240cd4a3b394821a3f51ea84e2ec342
package/raw/param_shakti/full/summaries/day6_gaussian_activation_none_seed44.json,462,1da39a7abd24774b997260a2b13bc4229c917a3995fa7139f0e85af755a480f7
package/raw/param_shakti/full/summaries/day6_sign_flip_activation_norm_seed42.json,485,aa07ef4e0f98813747f76e8491e602a569f66e0515853ffbb310b002aaecc5de
package/raw/param_shakti/full/summaries/day6_sign_flip_activation_norm_seed43.json,485,1222b04f21f80193e9c75c1b948527fe655c32373db434004d592f61b320c8f3
package/raw/param_shakti/full/summaries/day6_sign_flip_activation_norm_seed44.json,486,eb78099d9c007ffc7acf9245488f8aa8716ca94f10bab5d60ad42976ec47fed1
package/raw/param_shakti/full/summaries/day6_sign_flip_none_seed42.json,443,ea3b749858e58981b48dc45972c0301d28106d1c18d5776584734d5eb7b10bac
package/raw/param_shakti/full/summaries/day6_sign_flip_none_seed43.json,443,328dd1b5ce9c0ac71e5875f758ae22fa75af19d9cb099878584b2d8af5617036
package/raw/param_shakti/full/summaries/day6_sign_flip_none_seed44.json,444,3ff1da9906161b0b2b3cf8c17196d5843b0818d4b4e0189b0a1dfe742b4a8eb1
package/raw/param_shakti/full/summaries/day6_zero_activation_activation_norm_seed42.json,491,42c96f54b0bb79561db03c6a0aa0b22361ae1b2f6123d91d84d5e97366cafa63
package/raw/param_shakti/full/summaries/day6_zero_activation_activation_norm_seed43.json,495,43c505a4a404759b44bb722a2f76396824726fd9f4f2c048f28a827e502d8adb
package/raw/param_shakti/full/summaries/day6_zero_activation_activation_norm_seed44.json,494,8b900fd39f0f5c3b52380401109a2c39ed88eff1669fc3b6a618e7ec1652f5dc
package/raw/param_shakti/full/summaries/day6_zero_activation_none_seed42.json,449,999b692595460913b596bbf9ff61e995fbb3dbf67e1b887bb124d4b712ea48e6
package/raw/param_shakti/full/summaries/day6_zero_activation_none_seed43.json,453,cf78813aa3f41e301cb355fa15c1de359fb4825ea03769edd583440570c784d0
package/raw/param_shakti/full/summaries/day6_zero_activation_none_seed44.json,452,d86f616ff529afbf89750abcce8c9476556bdaecb5e168ed6725f869c0b3c626
package/raw/param_shakti/full/summaries/day7_seed42.json,281,75d70f07f8e984e478b6373bc5c23990b0727796d803533ab0d3267991c82479
package/raw/param_shakti/full/summaries/day7_seed43.json,281,b4542d7510ecb61b2b41e31b96d3994973599a211d02b4cc6d66adb5972c7a16
package/raw/param_shakti/full/summaries/day7_seed44.json,281,b7a8156e9b75d80b8ce39331badee5ef5ae178cca8c5a6d34b28058237eaf0d8
package/RESULTS.md,5112,13a0ac6f660b97a51a8198eff9e8afa8ba24b6d24072a9aa34af38d0869cd20c
package/tables/ablation_final.csv,369,316d255ee71e4ac5cb1962c4117a273613c55404cf98054db91bc7d6176e497a
package/tables/activation_all_runs.csv,1059,4e8ef4efb85da7fa06b05eb5c93c8b5b6eabfeb28a6ee1dad3e8557f89c7d32f
package/tables/activation_summary.csv,552,d4a25b86682a4a37048f606e5e0aa795e9f09134387e986b4e3a1bf6d03cbea3
package/tables/baseline_summary.csv,348,a9d41bfcae56fbe34acd0e0e07751473a4faaae43f0d339a56c8f6f1a149e7d5
package/tables/byzantine_all_runs.csv,4145,6ff22cebb0c191d213d50d323e772d6f8d9e5dc8d8db7d36ffbbfae86bfb32ad
package/tables/byzantine_detection_f2_seed42.csv,364,c0c0954d7d2ffc9f7037e43f80183f30e5fc098b8b0981fac353e9656328eaba
package/tables/byzantine_summary.csv,1315,70cf50eee003defc0b52e6e4deb87cc2fdc3215cb40cc0ca203823c1fc3c1574
package/tables/data_parallel_final.csv,634,eb25587b7335b1f7eb336f65a52b7e37906d32d762bf7f79202b4dd4b2f65ad1
package/tables/data_parallel_summary.csv,411,e44dc6486a60205ba0ece4f1e06d9ae4616ad01964aeef3d29e311195af69429
package/tables/day9_event_log_corrected.csv,298,833fd83292d427e77fa3b403c3e7f6614e23555086d954b886472a2e5e7b3025
package/tables/experiment_matrix.csv,252,db458832e731bb9aab0fc40c55f1553287735973897e211d46c00a5fbda4d8c0
package/tables/overhead_per_seed.csv,903,aab183c720993c050f5ba4e4ff4442acfb35e0d396c4e4c39d80eb8d01ea77c0
package/tables/overhead_standalone.csv,429,d4980d00c06db54f557eb25e9e8480ccb4d7bbb48ea151900ac902518503166b
package/tables/overhead_summary.csv,281,c163587c49ed5bc0a8f13762a5e5d037873fb401287077b7a9ee23771d9125a1
package/tables/pipeline_summary.csv,567,59672d939ed92a71b185a8955b3574375ddf19676906c93d556ab30086cad9d2
package/tables/smart_contract_final_state.csv,250,4ecb358f749aeff8a5a619b133373ec22cd168cf6564eacc86a5d1a901d12c74
package/tables/vrf_summary.csv,737,767c9c7d6090c4688830d5be5c9b5a81bac5eac65879c307f41fd36d205022d4
package/validation/audit_report.json,1388,27a152e5fb3ff1f5ef3b9b346d5426f6acc6ae002950e6ab90336aa465dc4a0c
package/validation/figure_value_audit.json,33076,468281ce63df70ad50ef7f460f3919f5c5b21e501051dad9caea3496395a99fe
package/validation/FIGURE_VALUE_AUDIT.md,1006,8427f8df909170959ef5ae4f038f2cb9bb893afdf7b6a50475ac43fe3b5b2223
README.md,6934,3f39734622ff0566f8ac99b7253606ff1f2edd3d86023c091356596e1a4bf10b
