attack,detector,seed,validation_selected_epoch,validation_selected_test_accuracy,final_test_accuracy,mean_tpr,mean_fpr
zero_activation,none,42,1,0.1,0.1,0.0,0.0
zero_activation,none,43,15,0.1,0.1,0.0,0.0
zero_activation,none,44,2,0.1,0.1,0.0,0.0
zero_activation,activation_norm,42,1,0.1,0.1,1.0,1.0
zero_activation,activation_norm,43,15,0.1,0.1,1.0,1.0
zero_activation,activation_norm,44,2,0.1,0.1,1.0,1.0
gaussian_activation,none,42,19,0.6963,0.6695,0.0,0.0
gaussian_activation,none,43,18,0.6235,0.6056,0.0,0.0
gaussian_activation,none,44,20,0.7093,0.7073,0.0,0.0
gaussian_activation,activation_norm,42,19,0.6963,0.6695,1.0,1.0
gaussian_activation,activation_norm,43,18,0.6235,0.6056,1.0,1.0
gaussian_activation,activation_norm,44,20,0.7093,0.7073,1.0,1.0
sign_flip,none,42,20,0.683,0.683,0.0,0.0
sign_flip,none,43,20,0.654,0.654,0.0,0.0
sign_flip,none,44,20,0.6964,0.6964,0.0,0.0
sign_flip,activation_norm,42,20,0.683,0.683,1.0,1.0
sign_flip,activation_norm,43,20,0.654,0.654,1.0,1.0
sign_flip,activation_norm,44,20,0.6964,0.6964,1.0,1.0
