attack,n_malicious,detector,completed_runs,collapsed_runs,final_test_mean_completed_only,final_test_sd_completed_only
zero_update,2,kmeans,3,0,0.6257999999999999,0.009347192091746058
zero_update,2,krum,3,0,0.6226333333333334,0.015002777520623794
zero_update,4,kmeans,3,0,0.4643666666666667,0.11785042780292881
zero_update,4,krum,3,0,0.1,0.0
zero_update,5,kmeans,3,0,0.5999333333333333,0.022302989336260126
zero_update,5,krum,3,0,0.1,0.0
mean_shift,2,kmeans,3,0,0.6412666666666667,0.03159388126415196
mean_shift,2,krum,3,0,0.6419333333333334,0.01374057252567497
mean_shift,4,kmeans,3,0,0.6266,0.02114402989025509
mean_shift,4,krum,3,0,0.4144,0.051722045589864284
mean_shift,5,kmeans,3,0,0.6401,0.009623408959407222
mean_shift,5,krum,3,0,0.5344,0.014131171218267777
gaussian,2,kmeans,0,3,,
gaussian,2,krum,3,0,0.6035666666666667,0.02147122104896067
gaussian,4,kmeans,0,3,,
gaussian,4,krum,3,0,0.5825,0.021109002818702757
gaussian,5,kmeans,0,3,,
gaussian,5,krum,3,0,0.5722,0.042120897426336935
byzantine_majority,2,kmeans,3,0,0.6035666666666667,0.02147122104896067
byzantine_majority,2,krum,3,0,0.6177333333333334,0.042020986820079924
byzantine_majority,4,kmeans,0,3,,
byzantine_majority,4,krum,0,3,,
byzantine_majority,5,kmeans,3,0,0.5722,0.042120897426336935
byzantine_majority,5,krum,0,3,,
