attack,n_malicious,detector,seed,status,collapse_epoch,completed_epochs,final_test_accuracy,mean_tpr_last_10,mean_fpr_last_10
zero_update,2,kmeans,42,complete,,50,0.6285,0.0,0.16666666666666666
zero_update,2,kmeans,43,complete,,50,0.6335,0.0,0.16666666666666666
zero_update,2,kmeans,44,complete,,50,0.6154,0.0,0.18333333333333332
zero_update,2,krum,42,complete,,50,0.6358,0.0,0.3333333333333333
zero_update,2,krum,43,complete,,50,0.6063,0.0,0.3333333333333333
zero_update,2,krum,44,complete,,50,0.6258,0.0,0.3333333333333333
zero_update,4,kmeans,42,complete,,50,0.3467,0.0,1.0
zero_update,4,kmeans,43,complete,,50,0.464,0.6,0.4
zero_update,4,kmeans,44,complete,,50,0.5824,0.9,0.1
zero_update,4,krum,42,complete,,50,0.1,0.0,1.0
zero_update,4,krum,43,complete,,50,0.1,0.0,1.0
zero_update,4,krum,44,complete,,50,0.1,0.0,1.0
zero_update,5,kmeans,42,complete,,50,0.6106,0.9,0.03333333333333333
zero_update,5,kmeans,43,complete,,50,0.5743,0.4,0.2
zero_update,5,kmeans,44,complete,,50,0.6149,0.7,0.1
zero_update,5,krum,42,complete,,50,0.1,0.4,1.0
zero_update,5,krum,43,complete,,50,0.1,0.4,1.0
zero_update,5,krum,44,complete,,50,0.1,0.4,1.0
mean_shift,2,kmeans,42,complete,,50,0.6586,0.5,0.08333333333333333
mean_shift,2,kmeans,43,complete,,50,0.6048,0.9,0.016666666666666666
mean_shift,2,kmeans,44,complete,,50,0.6604,0.7,0.05
mean_shift,2,krum,42,complete,,50,0.6525,0.0,0.3333333333333333
mean_shift,2,krum,43,complete,,50,0.6264,0.0,0.3333333333333333
mean_shift,2,krum,44,complete,,50,0.6469,0.0,0.3333333333333333
mean_shift,4,kmeans,42,complete,,50,0.6067,1.0,0.0
mean_shift,4,kmeans,43,complete,,50,0.6488,1.0,0.0
mean_shift,4,kmeans,44,complete,,50,0.6243,0.9,0.025
mean_shift,4,krum,42,complete,,50,0.4457,0.0,1.0
mean_shift,4,krum,43,complete,,50,0.3547,0.0,1.0
mean_shift,4,krum,44,complete,,50,0.4428,0.0,1.0
mean_shift,5,kmeans,42,complete,,50,0.6296,0.9,0.03333333333333333
mean_shift,5,kmeans,43,complete,,50,0.6485,0.6,0.16666666666666666
mean_shift,5,kmeans,44,complete,,50,0.6422,0.7,0.1
mean_shift,5,krum,42,complete,,50,0.5269,0.4,1.0
mean_shift,5,krum,43,complete,,50,0.5507,0.4,1.0
mean_shift,5,krum,44,complete,,50,0.5256,0.4,1.0
gaussian,2,kmeans,42,numerical_collapse,1,0,,,
gaussian,2,kmeans,43,numerical_collapse,1,0,,,
gaussian,2,kmeans,44,numerical_collapse,1,0,,,
gaussian,2,krum,42,complete,,50,0.6113,1.0,0.0
gaussian,2,krum,43,complete,,50,0.5793,1.0,0.0
gaussian,2,krum,44,complete,,50,0.6201,1.0,0.0
gaussian,4,kmeans,42,numerical_collapse,1,0,,,
gaussian,4,kmeans,43,numerical_collapse,1,0,,,
gaussian,4,kmeans,44,numerical_collapse,1,0,,,
gaussian,4,krum,42,complete,,50,0.5687,1.0,0.0
gaussian,4,krum,43,complete,,50,0.572,1.0,0.0
gaussian,4,krum,44,complete,,50,0.6068,1.0,0.0
gaussian,5,kmeans,42,numerical_collapse,1,0,,,
gaussian,5,kmeans,43,numerical_collapse,1,0,,,
gaussian,5,kmeans,44,numerical_collapse,1,0,,,
gaussian,5,krum,42,complete,,50,0.5239,1.0,0.0
gaussian,5,krum,43,complete,,50,0.6013,1.0,0.0
gaussian,5,krum,44,complete,,50,0.5914,1.0,0.0
byzantine_majority,2,kmeans,42,complete,,50,0.6113,1.0,0.0
byzantine_majority,2,kmeans,43,complete,,50,0.5793,1.0,0.0
byzantine_majority,2,kmeans,44,complete,,50,0.6201,1.0,0.0
byzantine_majority,2,krum,42,complete,,50,0.6113,1.0,0.0
byzantine_majority,2,krum,43,complete,,50,0.5793,1.0,0.0
byzantine_majority,2,krum,44,complete,,50,0.6626,1.0,0.0
byzantine_majority,4,kmeans,42,numerical_collapse,2,1,,0.0,1.0
byzantine_majority,4,kmeans,43,numerical_collapse,2,1,,0.0,1.0
byzantine_majority,4,kmeans,44,numerical_collapse,2,1,,0.0,1.0
byzantine_majority,4,krum,42,numerical_collapse,2,1,,0.0,1.0
byzantine_majority,4,krum,43,numerical_collapse,2,1,,0.0,1.0
byzantine_majority,4,krum,44,numerical_collapse,2,1,,0.0,1.0
byzantine_majority,5,kmeans,42,complete,,50,0.5239,1.0,0.0
byzantine_majority,5,kmeans,43,complete,,50,0.6013,1.0,0.0
byzantine_majority,5,kmeans,44,complete,,50,0.5914,1.0,0.0
byzantine_majority,5,krum,42,numerical_collapse,2,1,,0.4,1.0
byzantine_majority,5,krum,43,numerical_collapse,3,2,,0.4,1.0
byzantine_majority,5,krum,44,numerical_collapse,2,1,,0.4,1.0
