n_workers,aggregation,seed,final_epoch,final_test_accuracy,max_test_accuracy_audit_only
2,topk,42,200,0.8751,0.8784
2,topk,43,200,0.8675,0.8713
2,topk,44,200,0.8721,0.876
2,softmax,42,200,0.8798,0.8852
2,softmax,43,200,0.8769,0.8819
2,softmax,44,200,0.8777,0.8814
4,topk,42,200,0.8466,0.8508
4,topk,43,200,0.8574,0.8593
4,topk,44,200,0.8461,0.8482
4,softmax,42,200,0.8535,0.8584
4,softmax,43,200,0.8565,0.8597
4,softmax,44,200,0.8541,0.8567
8,topk,42,200,0.8123,0.8123
8,topk,43,200,0.8039,0.807
8,topk,44,200,0.8157,0.8171
8,softmax,42,200,0.83,0.8321
8,softmax,43,200,0.8297,0.8299
8,softmax,44,200,0.8295,0.8306
