seed,configuration,total_sec,commit_reveal_sec,detector_ms,aggregation_ms
42,tdml_reconstruction,13.143887671331564,0.0,22.03092227379481,63.10786306858063
42,ours_without_commit_reveal,13.063794394334158,0.0,25.506600737571716,81.04497194290161
42,ours_with_commit_reveal,16.8387799312671,3.8864403714736304,24.33192233244578,85.71807791789372
43,tdml_reconstruction,12.912929192806283,0.0,23.778655876715977,66.32752281924088
43,ours_without_commit_reveal,13.400710421303907,0.0,26.691097766160965,86.57884287337463
43,ours_with_commit_reveal,17.736676717797916,4.039745882774392,25.533561284343403,92.91979484260082
44,tdml_reconstruction,12.658557486409942,0.0,22.28645794093609,61.406814182798065
44,ours_without_commit_reveal,12.843584846705198,0.0,26.106938098867733,84.72347321609656
44,ours_with_commit_reveal,16.872451757391293,4.015844362477461,24.979802469412487,87.10835315287113
