day,run_name,seed,epoch,worker_id,is_malicious,is_flagged,is_accepted,validation_acc,detector_score,projection_1,projection_2,update_mean,update_std,update_rms,config_hash
3,day3_mean_shift_f2_krum_softmax_seed43,43,1,0,True,False,True,0.1076,820199.3125,247.36937,-3.5619018,-0.0005878997617401183,0.055171430110931396,0.055174559354782104,7e267c0bf303542b
3,day3_mean_shift_f2_krum_softmax_seed43,43,1,1,False,False,True,0.0968,1257727.25,108.79105,152.5244,0.00021994838607497513,0.0876808613538742,0.08768113702535629,7e267c0bf303542b
3,day3_mean_shift_f2_krum_softmax_seed43,43,1,2,True,False,True,0.1076,820199.3125,247.36937,-3.5619678,-0.0005878997617401183,0.055171430110931396,0.055174559354782104,7e267c0bf303542b
3,day3_mean_shift_f2_krum_softmax_seed43,43,1,3,False,False,True,0.1104,1198853.0,-101.006096,-88.75365,0.0004011188866570592,0.08374685794115067,0.08374781161546707,7e267c0bf303542b
3,day3_mean_shift_f2_krum_softmax_seed43,43,1,4,False,False,True,0.0968,1220698.125,-125.43826,-163.96645,6.435463728848845e-05,0.08642847836017609,0.08642850071191788,7e267c0bf303542b
3,day3_mean_shift_f2_krum_softmax_seed43,43,1,5,False,True,False,,1343321.0,-193.595,-155.53531,0.00019951230206061155,0.09174611419439316,0.09174633026123047,7e267c0bf303542b
3,day3_mean_shift_f2_krum_softmax_seed43,43,1,6,False,True,False,,1409268.375,-214.62793,336.33182,0.0006153883296065032,0.0939367264509201,0.09393873810768127,7e267c0bf303542b
3,day3_mean_shift_f2_krum_softmax_seed43,43,1,7,False,False,True,0.1332,1128259.0,31.139595,-73.47708,0.0004315229307394475,0.07882865518331528,0.07882983237504959,7e267c0bf303542b
3,day3_mean_shift_f2_krum_softmax_seed43,43,2,0,True,False,True,0.1014,46696.15625,67.68631,-46.460297,-2.1301148080965504e-06,0.015750272199511528,0.015750274062156677,7e267c0bf303542b
3,day3_mean_shift_f2_krum_softmax_seed43,43,2,1,False,False,True,0.0904,135004.171875,-9.47633,93.54696,6.179783667903394e-05,0.03266533836722374,0.032665397971868515,7e267c0bf303542b
3,day3_mean_shift_f2_krum_softmax_seed43,43,2,2,True,False,True,0.0904,46696.15625,67.6863,-46.46029,-2.1301148080965504e-06,0.015750272199511528,0.015750274062156677,7e267c0bf303542b
3,day3_mean_shift_f2_krum_softmax_seed43,43,2,3,False,False,True,0.1274,71195.578125,18.919977,-13.224189,-0.00032620751881040633,0.021699581295251846,0.021702034398913383,7e267c0bf303542b
3,day3_mean_shift_f2_krum_softmax_seed43,43,2,4,False,False,True,0.096,60043.78125,13.658181,-9.6678295,-0.00024937198031693697,0.01768641732633114,0.017688175663352013,7e267c0bf303542b
3,day3_mean_shift_f2_krum_softmax_seed43,43,2,5,False,True,False,,138342.5,-18.924679,97.49518,-0.00048116393736563623,0.033235128968954086,0.03323861211538315,7e267c0bf303542b
3,day3_mean_shift_f2_krum_softmax_seed43,43,2,6,False,False,True,0.1164,60162.640625,13.009926,-12.524655,-0.00025695087970234454,0.01846492849290371,0.018466714769601822,7e267c0bf303542b
3,day3_mean_shift_f2_krum_softmax_seed43,43,2,7,False,True,False,,168045.875,-152.559,-62.704906,-0.00018435981473885477,0.03783705085515976,0.037837497889995575,7e267c0bf303542b
3,day3_mean_shift_f2_krum_softmax_seed43,43,3,0,True,False,True,0.1014,13483.578125,32.03812,-20.59366,5.2892214625899214e-06,0.008292957209050655,0.008292959071695805,7e267c0bf303542b
3,day3_mean_shift_f2_krum_softmax_seed43,43,3,1,False,True,False,,27121.21875,6.3578544,60.06083,-0.0002453291672281921,0.013908350840210915,0.013910513371229172,7e267c0bf303542b
3,day3_mean_shift_f2_krum_softmax_seed43,43,3,2,True,False,True,0.105,13483.578125,32.03812,-20.593662,5.2892214625899214e-06,0.008292957209050655,0.008292959071695805,7e267c0bf303542b
3,day3_mean_shift_f2_krum_softmax_seed43,43,3,3,False,False,True,0.1374,21854.609375,5.6312222,0.37842092,-3.0336459531099536e-05,0.011797800660133362,0.011797838844358921,7e267c0bf303542b
3,day3_mean_shift_f2_krum_softmax_seed43,43,3,4,False,True,False,,56629.703125,-98.88359,-10.155513,-0.0002264237409690395,0.02221006527543068,0.022211220115423203,7e267c0bf303542b
3,day3_mean_shift_f2_krum_softmax_seed43,43,3,5,False,False,True,0.1564,15392.78125,6.3908253,-2.7747712,-4.136315328651108e-05,0.008444385603070259,0.008444486185908318,7e267c0bf303542b
3,day3_mean_shift_f2_krum_softmax_seed43,43,3,6,False,False,True,0.15,21443.3125,9.199467,-2.6432233,1.5791081750649028e-05,0.012086289934813976,0.012086300179362297,7e267c0bf303542b
3,day3_mean_shift_f2_krum_softmax_seed43,43,3,7,False,False,True,0.1364,17213.578125,7.2281322,-3.678555,-6.004178067087196e-05,0.009805459529161453,0.009805643931031227,7e267c0bf303542b
3,day3_mean_shift_f2_krum_softmax_seed43,43,4,0,True,False,True,0.1232,1262.890625,11.117862,-6.733563,-1.593652632436715e-05,0.0027980494778603315,0.002798094879835844,7e267c0bf303542b
3,day3_mean_shift_f2_krum_softmax_seed43,43,4,1,False,False,True,0.211,1580.265625,2.937076,5.8341527,-4.037177131976932e-05,0.0031422253232449293,0.0031424846965819597,7e267c0bf303542b
3,day3_mean_shift_f2_krum_softmax_seed43,43,4,2,True,False,True,0.096,1262.890625,11.11786,-6.7335587,-1.593652632436715e-05,0.0027980494778603315,0.002798094879835844,7e267c0bf303542b
3,day3_mean_shift_f2_krum_softmax_seed43,43,4,3,False,True,False,,2331.828125,3.1935942,17.362186,-3.246099367970601e-05,0.004376555327326059,0.004376675933599472,7e267c0bf303542b
3,day3_mean_shift_f2_krum_softmax_seed43,43,4,4,False,False,True,0.185,1772.578125,2.218243,1.131963,-7.340412412304431e-05,0.0034886945504695177,0.0034894668497145176,7e267c0bf303542b
3,day3_mean_shift_f2_krum_softmax_seed43,43,4,5,False,True,False,,6996.796875,-36.056526,-2.6077616,-5.5437205446651205e-05,0.008156106807291508,0.00815629493445158,7e267c0bf303542b
3,day3_mean_shift_f2_krum_softmax_seed43,43,4,6,False,False,True,0.2106,1953.03125,2.2281547,-7.263789,-7.288581400644034e-05,0.0038100003730505705,0.00381069746799767,7e267c0bf303542b
3,day3_mean_shift_f2_krum_softmax_seed43,43,4,7,False,False,True,0.1758,1548.796875,3.2438686,-0.98970664,-5.452482946566306e-05,0.0031322503928095102,0.0031327251344919205,7e267c0bf303542b
3,day3_mean_shift_f2_krum_softmax_seed43,43,5,0,True,False,True,0.0854,1199.421875,9.617879,-8.573089,-1.772642099240329e-05,0.0026735884603112936,0.0026736471336334944,7e267c0bf303542b
3,day3_mean_shift_f2_krum_softmax_seed43,43,5,1,False,False,True,0.1546,2720.0625,-2.826208,-3.321472,-4.63354735984467e-05,0.004770803730934858,0.004771028645336628,7e267c0bf303542b
3,day3_mean_shift_f2_krum_softmax_seed43,43,5,2,True,False,True,0.096,1199.421875,9.617876,-8.573087,-1.772642099240329e-05,0.0026735884603112936,0.0026736471336334944,7e267c0bf303542b
3,day3_mean_shift_f2_krum_softmax_seed43,43,5,3,False,True,False,,4783.765625,-28.441313,4.6034865,2.7168556698597968e-05,0.00701567530632019,0.0070157283917069435,7e267c0bf303542b
3,day3_mean_shift_f2_krum_softmax_seed43,43,5,4,False,False,True,0.2248,2046.90625,-3.985698,-3.2653263,8.01098758529406e-06,0.003982554655522108,0.00398256303742528,7e267c0bf303542b
3,day3_mean_shift_f2_krum_softmax_seed43,43,5,5,False,True,False,,4260.90625,11.588871,24.688862,-6.036762351868674e-05,0.006107229273766279,0.006107527296990156,7e267c0bf303542b
3,day3_mean_shift_f2_krum_softmax_seed43,43,5,6,False,False,True,0.2362,1176.203125,2.6249208,-3.2280002,-2.3780681658536196e-05,0.0022970971185714006,0.00229722005315125,7e267c0bf303542b
3,day3_mean_shift_f2_krum_softmax_seed43,43,5,7,False,False,True,0.1516,1398.171875,1.8037571,-2.3314445,-2.779216993076261e-05,0.0027951793745160103,0.0027953176759183407,7e267c0bf303542b
3,day3_mean_shift_f2_krum_softmax_seed43,43,6,0,True,False,True,0.1238,676.546875,11.233709,-5.0898466,-8.682311090524308e-06,0.0025066491216421127,0.0025066642556339502,7e267c0bf303542b
3,day3_mean_shift_f2_krum_softmax_seed43,43,6,1,False,True,False,,1849.40625,1.64946,16.883682,-5.1751125283772126e-05,0.004097870085388422,0.004098196979612112,7e267c0bf303542b
3,day3_mean_shift_f2_krum_softmax_seed43,43,6,2,True,False,True,0.1096,676.546875,11.233713,-5.0898466,-8.682311090524308e-06,0.0025066491216421127,0.0025066642556339502,7e267c0bf303542b
3,day3_mean_shift_f2_krum_softmax_seed43,43,6,3,False,True,False,,6826.671875,-36.505787,-2.7304573,-2.2805334083386697e-05,0.008298110216856003,0.008298140950500965,7e267c0bf303542b
3,day3_mean_shift_f2_krum_softmax_seed43,43,6,4,False,False,True,0.2102,1602.125,3.122457,-0.88102573,-1.1621706335063209e-06,0.0037257520016282797,0.0037257522344589233,7e267c0bf303542b
3,day3_mean_shift_f2_krum_softmax_seed43,43,6,5,False,False,True,0.1864,929.78125,2.593207,-0.46064964,-2.0185339963063598e-05,0.002617368008941412,0.0026174457743763924,7e267c0bf303542b
3,day3_mean_shift_f2_krum_softmax_seed43,43,6,6,False,False,True,0.261,709.390625,3.9620595,-1.6705245,-3.594459849409759e-05,0.0020856980700045824,0.002086007734760642,7e267c0bf303542b
3,day3_mean_shift_f2_krum_softmax_seed43,43,6,7,False,False,True,0.255,600.515625,2.7113388,-0.9613223,-2.390001100138761e-05,0.0016028799582272768,0.0016030581900849938,7e267c0bf303542b
3,day3_mean_shift_f2_krum_softmax_seed43,43,7,0,True,False,True,0.1434,1166.90625,17.773354,-3.1702704,1.3902801583753899e-05,0.0032517951913177967,0.0032518249936401844,7e267c0bf303542b
3,day3_mean_shift_f2_krum_softmax_seed43,43,7,1,False,False,True,0.2898,959.828125,4.8276086,-1.6697913,-2.0713179765152745e-05,0.001594108296558261,0.0015942428726702929,7e267c0bf303542b
3,day3_mean_shift_f2_krum_softmax_seed43,43,7,2,True,False,True,0.1274,1166.90625,17.773365,-3.1702724,1.3902801583753899e-05,0.0032517951913177967,0.0032518249936401844,7e267c0bf303542b
3,day3_mean_shift_f2_krum_softmax_seed43,43,7,3,False,False,True,0.2196,1906.484375,3.765081,8.435303,-4.551508027361706e-05,0.0038759526796638966,0.003876219969242811,7e267c0bf303542b
3,day3_mean_shift_f2_krum_softmax_seed43,43,7,4,False,True,False,,1976.65625,2.1086743,-11.367917,-3.642695810412988e-05,0.00383070413954556,0.003830877598375082,7e267c0bf303542b
3,day3_mean_shift_f2_krum_softmax_seed43,43,7,5,False,False,True,0.2482,991.328125,6.131853,-1.0156775,-1.4774688679608516e-05,0.0017898519290611148,0.001789912930689752,7e267c0bf303542b
3,day3_mean_shift_f2_krum_softmax_seed43,43,7,6,False,True,False,,15797.953125,-57.047497,-1.0268785,-0.0001370776299154386,0.012899757362902164,0.012900485657155514,7e267c0bf303542b
3,day3_mean_shift_f2_krum_softmax_seed43,43,7,7,False,False,True,0.2484,1921.53125,4.6677055,12.985526,-1.8218293917016126e-05,0.003906750585883856,0.003906792961061001,7e267c0bf303542b
3,day3_mean_shift_f2_krum_softmax_seed43,43,8,0,True,False,True,0.1394,362.46875,10.643855,-0.10028571,-1.8802156773745082e-05,0.0020099736284464598,0.002010061638429761,7e267c0bf303542b
3,day3_mean_shift_f2_krum_softmax_seed43,43,8,1,False,False,True,0.316,596.703125,1.0838116,-6.21659,-4.085926320840372e-06,0.002431934466585517,0.0024319379590451717,7e267c0bf303542b
3,day3_mean_shift_f2_krum_softmax_seed43,43,8,2,True,False,True,0.1108,362.46875,10.643848,-0.100290544,-1.8802156773745082e-05,0.0020099736284464598,0.002010061638429761,7e267c0bf303542b
3,day3_mean_shift_f2_krum_softmax_seed43,43,8,3,False,False,True,0.3218,387.640625,1.9040403,-1.5441813,-2.406306521152146e-05,0.0017964658327400684,0.001796626951545477,7e267c0bf303542b
3,day3_mean_shift_f2_krum_softmax_seed43,43,8,4,False,True,False,,619.703125,4.7530403,8.434075,-3.6494449886959046e-05,0.002496088622137904,0.0024963554460555315,7e267c0bf303542b
3,day3_mean_shift_f2_krum_softmax_seed43,43,8,5,False,False,True,0.3406,317.421875,2.4427843,-0.6998508,-1.3784391740045976e-05,0.001424409681931138,0.0014244763879105449,7e267c0bf303542b
3,day3_mean_shift_f2_krum_softmax_seed43,43,8,6,False,True,False,,5531.109375,-34.36487,0.7306319,-2.5028648451552726e-05,0.007809919770807028,0.007809960749000311,7e267c0bf303542b
3,day3_mean_shift_f2_krum_softmax_seed43,43,8,7,False,False,True,0.3072,285.46875,2.893675,-0.50356936,-2.2599557269131765e-05,0.0013407390797510743,0.0013409295352175832,7e267c0bf303542b
3,day3_mean_shift_f2_krum_softmax_seed43,43,9,0,True,False,True,0.2872,133.984375,3.7615216,-1.6205249,-1.5020642422314268e-05,0.0011171959340572357,0.0011172968661412597,7e267c0bf303542b
3,day3_mean_shift_f2_krum_softmax_seed43,43,9,1,False,False,True,0.326,197.96875,0.34863445,1.4876163,-1.2270249499124475e-05,0.001525373081676662,0.0015254224417731166,7e267c0bf303542b
3,day3_mean_shift_f2_krum_softmax_seed43,43,9,2,True,False,True,0.2888,133.984375,3.7615209,-1.6205244,-1.5020642422314268e-05,0.0011171959340572357,0.0011172968661412597,7e267c0bf303542b
3,day3_mean_shift_f2_krum_softmax_seed43,43,9,3,False,False,True,0.282,189.15625,2.287909,-1.6871387,-1.9808967408607714e-05,0.0014803416561335325,0.0014804743696004152,7e267c0bf303542b
3,day3_mean_shift_f2_krum_softmax_seed43,43,9,4,False,False,True,0.35,166.28125,1.7024693,-0.32030216,-1.7294945791945793e-05,0.0013933720765635371,0.0013934794114902616,7e267c0bf303542b
3,day3_mean_shift_f2_krum_softmax_seed43,43,9,5,False,False,True,0.2844,267.421875,-0.47141418,-0.44470164,-2.5311936042271554e-05,0.0017662515165284276,0.001766432891599834,7e267c0bf303542b
3,day3_mean_shift_f2_krum_softmax_seed43,43,9,6,False,True,False,,369.828125,-1.655306,7.0310445,-1.5130996871448588e-05,0.0021525626070797443,0.002152615925297141,7e267c0bf303542b
3,day3_mean_shift_f2_krum_softmax_seed43,43,9,7,False,True,False,,604.953125,-9.735304,-2.8254755,-3.081712202401832e-05,0.002689088461920619,0.0026892649475485086,7e267c0bf303542b
3,day3_mean_shift_f2_krum_softmax_seed43,43,10,0,True,False,True,0.283,131.25,2.087134,-1.5748404,-1.115761733672116e-05,0.001087186043150723,0.00108724320307374,7e267c0bf303542b
3,day3_mean_shift_f2_krum_softmax_seed43,43,10,1,False,True,False,,289.34375,-2.998534,5.448406,-1.6480442354804836e-05,0.0017963792197406292,0.0017964550061151385,7e267c0bf303542b
3,day3_mean_shift_f2_krum_softmax_seed43,43,10,2,True,False,True,0.1702,131.25,2.0871348,-1.5748426,-1.115761733672116e-05,0.001087186043150723,0.00108724320307374,7e267c0bf303542b
3,day3_mean_shift_f2_krum_softmax_seed43,43,10,3,False,False,True,0.3262,273.21875,3.862513,2.0599036,-2.3408378183376044e-05,0.001767228008247912,0.0017673831898719072,7e267c0bf303542b
3,day3_mean_shift_f2_krum_softmax_seed43,43,10,4,False,True,False,,283.625,-5.392684,-2.7775636,-3.959816604037769e-05,0.0018389081815257668,0.001839334494434297,7e267c0bf303542b
3,day3_mean_shift_f2_krum_softmax_seed43,43,10,5,False,False,True,0.3412,188.90625,1.9939865,-0.4651145,-2.9941733373561874e-05,0.0014801850775256753,0.0014804878737777472,7e267c0bf303542b
3,day3_mean_shift_f2_krum_softmax_seed43,43,10,6,False,False,True,0.363,158.625,-0.8697562,-0.4452454,-2.1013422156102024e-05,0.0013209533644840121,0.0013211204204708338,7e267c0bf303542b
3,day3_mean_shift_f2_krum_softmax_seed43,43,10,7,False,False,True,0.3584,180.75,-0.7697816,-0.67069906,-2.3671776943956502e-05,0.0014406534610316157,0.0014408479910343885,7e267c0bf303542b
3,day3_mean_shift_f2_krum_softmax_seed43,43,11,0,True,False,True,0.3258,144.6796875,4.246968,-0.33959052,-6.959269740036689e-06,0.0011981874704360962,0.001198207843117416,7e267c0bf303542b
3,day3_mean_shift_f2_krum_softmax_seed43,43,11,1,False,False,True,0.3872,168.9375,1.2499077,0.008008759,-2.422483521513641e-05,0.0013281726278364658,0.0013283935841172934,7e267c0bf303542b
3,day3_mean_shift_f2_krum_softmax_seed43,43,11,2,True,False,True,0.3166,144.6796875,4.2469673,-0.33959037,-6.959269740036689e-06,0.0011981874704360962,0.001198207843117416,7e267c0bf303542b
3,day3_mean_shift_f2_krum_softmax_seed43,43,11,3,False,False,True,0.3424,401.5546875,2.7079275,0.35010275,1.2285246157262009e-05,0.0020014119800180197,0.0020014496985822916,7e267c0bf303542b
3,day3_mean_shift_f2_krum_softmax_seed43,43,11,4,False,True,False,,631.515625,-8.139651,-6.222263,-3.145505615975708e-05,0.0025964872911572456,0.002596677979454398,7e267c0bf303542b
3,day3_mean_shift_f2_krum_softmax_seed43,43,11,5,False,False,True,0.3496,185.25,1.4321451,-0.45048913,-2.3558101020171307e-05,0.0014443527907133102,0.0014445448759943247,7e267c0bf303542b
3,day3_mean_shift_f2_krum_softmax_seed43,43,11,6,False,True,False,,601.1171875,-6.5366564,7.3157253,-4.121165329706855e-05,0.0025285508017987013,0.0025288863107562065,7e267c0bf303542b
3,day3_mean_shift_f2_krum_softmax_seed43,43,11,7,False,False,True,0.3768,160.203125,0.79243934,-0.32192564,-2.3637203412363306e-05,0.0013153527397662401,0.0013155650813132524,7e267c0bf303542b
3,day3_mean_shift_f2_krum_softmax_seed43,43,12,0,True,False,True,0.334,100.0625,3.5021574,-0.16713518,-1.1088518476753961e-05,0.0010524527169764042,0.0010525111574679613,7e267c0bf303542b
3,day3_mean_shift_f2_krum_softmax_seed43,43,12,1,False,True,False,,417.6171875,-6.5327945,-5.266561,-7.367661510215839e-06,0.002205371391028166,0.0022053837310522795,7e267c0bf303542b
3,day3_mean_shift_f2_krum_softmax_seed43,43,12,2,True,False,True,0.3074,100.0625,3.502157,-0.16713703,-1.1088518476753961e-05,0.0010524527169764042,0.0010525111574679613,7e267c0bf303542b
3,day3_mean_shift_f2_krum_softmax_seed43,43,12,3,False,True,False,,398.78125,-4.5596986,6.8326793,1.2222307304909918e-05,0.0021493667736649513,0.0021494014654308558,7e267c0bf303542b
3,day3_mean_shift_f2_krum_softmax_seed43,43,12,4,False,False,True,0.3972,201.4375,1.8073214,-1.0286607,-1.8915776308858767e-05,0.0015586989466100931,0.0015588137321174145,7e267c0bf303542b
3,day3_mean_shift_f2_krum_softmax_seed43,43,12,5,False,False,True,0.3526,135.28125,0.6538898,-0.4224728,-1.9783923562499695e-05,0.0012796588707715273,0.001279811724089086,7e267c0bf303542b
3,day3_mean_shift_f2_krum_softmax_seed43,43,12,6,False,False,True,0.3592,115.4765625,1.17695,-0.059247576,-1.4466160791926086e-05,0.0012078655418008566,0.0012079521548002958,7e267c0bf303542b
3,day3_mean_shift_f2_krum_softmax_seed43,43,12,7,False,False,True,0.3686,126.4453125,0.45005903,0.27853966,-1.0930894859484397e-05,0.0012515903217718005,0.0012516380520537496,7e267c0bf303542b
3,day3_mean_shift_f2_krum_softmax_seed43,43,13,0,True,False,True,0.2834,96.375,4.0637107,-1.293363,-9.967639016394969e-06,0.00107861019205302,0.0010786562925204635,7e267c0bf303542b
3,day3_mean_shift_f2_krum_softmax_seed43,43,13,1,False,False,True,0.4008,174.2578125,0.05050006,0.88475037,-2.0623833734134678e-06,0.0014255632413551211,0.001425564638338983,7e267c0bf303542b
3,day3_mean_shift_f2_krum_softmax_seed43,43,13,2,True,False,True,0.3204,96.375,4.063711,-1.2933626,-9.967639016394969e-06,0.00107861019205302,0.0010786562925204635,7e267c0bf303542b
3,day3_mean_shift_f2_krum_softmax_seed43,43,13,3,False,False,True,0.403,119.328125,1.4578152,-0.7938057,-1.0857896086235996e-05,0.0012144537176936865,0.0012145023792982101,7e267c0bf303542b
3,day3_mean_shift_f2_krum_softmax_seed43,43,13,4,False,False,True,0.3952,120.7734375,2.0066056,-1.5665019,-2.4136284991982393e-05,0.0012538890587165952,0.00125412130728364,7e267c0bf303542b
3,day3_mean_shift_f2_krum_softmax_seed43,43,13,5,False,True,False,,686.5,-10.705156,-3.4757144,-2.2942860596231185e-05,0.0027967060450464487,0.002796800108626485,7e267c0bf303542b
3,day3_mean_shift_f2_krum_softmax_seed43,43,13,6,False,True,False,,439.546875,-2.6197484,8.163889,2.490971382940188e-05,0.0022667679004371166,0.002266904804855585,7e267c0bf303542b
3,day3_mean_shift_f2_krum_softmax_seed43,43,13,7,False,False,True,0.3826,111.0234375,1.6826109,-0.6258933,-1.5126934158615768e-05,0.0011772775324061513,0.0011773747391998768,7e267c0bf303542b
3,day3_mean_shift_f2_krum_softmax_seed43,43,14,0,True,False,True,0.2854,100.015625,2.871729,-2.1647615,-1.0553520951361861e-05,0.0010756892152130604,0.0010757410200312734,7e267c0bf303542b
3,day3_mean_shift_f2_krum_softmax_seed43,43,14,1,False,True,False,,194.2734375,2.4800222,4.952079,-2.50557204708457e-05,0.0015376037918031216,0.001537807984277606,7e267c0bf303542b
3,day3_mean_shift_f2_krum_softmax_seed43,43,14,2,True,False,True,0.3074,100.015625,2.8717294,-2.164763,-1.0553520951361861e-05,0.0010756892152130604,0.0010757410200312734,7e267c0bf303542b
3,day3_mean_shift_f2_krum_softmax_seed43,43,14,3,False,False,True,0.4082,126.6796875,-0.1780355,-0.6178141,-1.1334442206134554e-05,0.001235833391547203,0.0012358854291960597,7e267c0bf303542b
3,day3_mean_shift_f2_krum_softmax_seed43,43,14,4,False,False,True,0.3882,140.6796875,0.78860563,-0.3122857,-1.5196563936115126e-06,0.001348934369161725,0.0013489353004842997,7e267c0bf303542b
3,day3_mean_shift_f2_krum_softmax_seed43,43,14,5,False,False,True,0.3954,112.40625,0.81167674,0.3228102,-2.1128271328052506e-05,0.0011616629781201482,0.0011618550634011626,7e267c0bf303542b
3,day3_mean_shift_f2_krum_softmax_seed43,43,14,6,False,False,True,0.3788,112.5703125,0.568732,-0.012035387,-9.44273233471904e-06,0.0011755130253732204,0.001175550976768136,7e267c0bf303542b
3,day3_mean_shift_f2_krum_softmax_seed43,43,14,7,False,True,False,,538.921875,-10.214423,-0.0032369327,-4.665342203225009e-06,0.0024200754705816507,0.00242007989436388,7e267c0bf303542b
3,day3_mean_shift_f2_krum_softmax_seed43,43,15,0,True,False,True,0.433,63.421875,-2.426233,0.40513265,-1.3418037269730121e-05,0.0008627324714325368,0.0008628367795608938,7e267c0bf303542b
3,day3_mean_shift_f2_krum_softmax_seed43,43,15,1,False,False,True,0.4234,94.8203125,1.1144737,1.6400949,-2.15419950109208e-05,0.0011908657616004348,0.001191060640849173,7e267c0bf303542b
3,day3_mean_shift_f2_krum_softmax_seed43,43,15,2,True,False,True,0.4284,63.421875,-2.4262326,0.4051326,-1.3418037269730121e-05,0.0008627324714325368,0.0008628367795608938,7e267c0bf303542b
3,day3_mean_shift_f2_krum_softmax_seed43,43,15,3,False,False,True,0.405,91.8515625,0.8637493,0.25135773,-1.630548831599299e-05,0.001174942241050303,0.001175055280327797,7e267c0bf303542b
3,day3_mean_shift_f2_krum_softmax_seed43,43,15,4,False,False,True,0.4268,88.0,0.48440444,-0.24715106,-1.4096222002990544e-05,0.0011533009819686413,0.0011533871293067932,7e267c0bf303542b
3,day3_mean_shift_f2_krum_softmax_seed43,43,15,5,False,True,False,,95.8671875,1.2174537,0.9196628,-1.6112207958940417e-05,0.0011940818512812257,0.001194190583191812,7e267c0bf303542b
3,day3_mean_shift_f2_krum_softmax_seed43,43,15,6,False,True,False,,97.9140625,0.30513185,-3.2863424,-1.3750863217865117e-05,0.0012048761127516627,0.001204954576678574,7e267c0bf303542b
3,day3_mean_shift_f2_krum_softmax_seed43,43,15,7,False,False,True,0.3868,93.1640625,0.86724627,-0.08788556,-9.925706763169728e-06,0.0011861081002280116,0.0011861496604979038,7e267c0bf303542b
3,day3_mean_shift_f2_krum_softmax_seed43,43,16,0,True,False,True,0.4212,63.078125,-2.3312788,0.72272325,-1.4332956197904423e-05,0.0008506181184202433,0.0008507388993166387,7e267c0bf303542b
3,day3_mean_shift_f2_krum_softmax_seed43,43,16,1,False,True,False,,96.703125,0.5173811,-1.9925306,-1.609364517207723e-05,0.0011813892051577568,0.001181498751975596,7e267c0bf303542b
3,day3_mean_shift_f2_krum_softmax_seed43,43,16,2,True,False,True,0.4238,63.078125,-2.331279,0.72272295,-1.4332956197904423e-05,0.0008506181184202433,0.0008507388993166387,7e267c0bf303542b
3,day3_mean_shift_f2_krum_softmax_seed43,43,16,3,False,False,True,0.4224,91.46875,0.42979255,-0.5609374,-1.4842287782812491e-05,0.001155741629190743,0.0011558368569239974,7e267c0bf303542b
3,day3_mean_shift_f2_krum_softmax_seed43,43,16,4,False,True,False,,103.3515625,2.004928,2.8559513,-1.79230028152233e-05,0.0012101135216653347,0.0012102462351322174,7e267c0bf303542b
3,day3_mean_shift_f2_krum_softmax_seed43,43,16,5,False,False,True,0.4218,89.0,0.099243484,-0.44632664,-1.2021402653772384e-05,0.0011405420955270529,0.0011406054254621267,7e267c0bf303542b
3,day3_mean_shift_f2_krum_softmax_seed43,43,16,6,False,False,True,0.4038,93.25,0.61373985,-0.67324275,-1.438854269508738e-05,0.0011648422805592418,0.0011649312218651175,7e267c0bf303542b
3,day3_mean_shift_f2_krum_softmax_seed43,43,16,7,False,False,True,0.4336,94.9453125,0.9974661,-0.62835556,-1.8559343516244553e-05,0.0011738938046619296,0.0011740404879674315,7e267c0bf303542b
3,day3_mean_shift_f2_krum_softmax_seed43,43,17,0,True,False,True,0.4074,73.0546875,1.5742552,-2.0771518,-1.3029987712798174e-05,0.0008666381472721696,0.000866736052557826,7e267c0bf303542b
3,day3_mean_shift_f2_krum_softmax_seed43,43,17,1,False,False,True,0.4414,103.6640625,0.4539368,0.9836386,-1.5216481187962927e-05,0.0011676839785650373,0.001167783048003912,7e267c0bf303542b
3,day3_mean_shift_f2_krum_softmax_seed43,43,17,2,True,False,True,0.3612,73.0546875,1.5742551,-2.0771518,-1.3029987712798174e-05,0.0008666381472721696,0.000866736052557826,7e267c0bf303542b
3,day3_mean_shift_f2_krum_softmax_seed43,43,17,3,False,True,False,,178.0234375,-4.972711,-1.0358065,-1.4613357961934526e-05,0.0014328043907880783,0.0014328790130093694,7e267c0bf303542b
3,day3_mean_shift_f2_krum_softmax_seed43,43,17,4,False,False,True,0.4178,108.5390625,0.25312766,0.7039787,-1.4110909432929475e-05,0.0011873871553689241,0.0011874710908159614,7e267c0bf303542b
3,day3_mean_shift_f2_krum_softmax_seed43,43,17,5,False,False,True,0.4292,99.6484375,0.4017583,0.61537194,-1.2340967259660829e-05,0.001142821623943746,0.001142888213507831,7e267c0bf303542b
3,day3_mean_shift_f2_krum_softmax_seed43,43,17,6,False,True,False,,120.9609375,0.19018257,2.982173,-1.2063510439475067e-05,0.0012514187255874276,0.0012514768168330193,7e267c0bf303542b
3,day3_mean_shift_f2_krum_softmax_seed43,43,17,7,False,False,True,0.4474,105.28125,0.5252066,-0.09505886,-1.91729559446685e-05,0.0011732837883755565,0.0011734403669834137,7e267c0bf303542b
3,day3_mean_shift_f2_krum_softmax_seed43,43,18,0,True,False,True,0.4354,80.6171875,2.0694494,-1.6027721,-1.1613861715886742e-05,0.000864693196490407,0.0008647711365483701,7e267c0bf303542b
3,day3_mean_shift_f2_krum_softmax_seed43,43,18,1,False,False,True,0.4246,121.0625,-0.02130092,-0.9501669,-1.1345211532898247e-05,0.0012177653843536973,0.0012178182369098067,7e267c0bf303542b
3,day3_mean_shift_f2_krum_softmax_seed43,43,18,2,True,False,True,0.4266,80.6171875,2.0694506,-1.6027718,-1.1613861715886742e-05,0.000864693196490407,0.0008647711365483701,7e267c0bf303542b
3,day3_mean_shift_f2_krum_softmax_seed43,43,18,3,False,True,False,,137.125,-0.6831472,2.254476,-8.92432490218198e-06,0.001281610457226634,0.00128164142370224,7e267c0bf303542b
3,day3_mean_shift_f2_krum_softmax_seed43,43,18,4,False,False,True,0.4312,131.8671875,0.19698228,2.768692,-1.2873193554696627e-05,0.0012639864580705762,0.0012640519998967648,7e267c0bf303542b
3,day3_mean_shift_f2_krum_softmax_seed43,43,18,5,False,True,False,,177.1484375,-4.5361505,-1.6040919,-8.103499567368999e-06,0.0014165505999699235,0.001416573766618967,7e267c0bf303542b
3,day3_mean_shift_f2_krum_softmax_seed43,43,18,6,False,False,True,0.4418,108.3125,0.46813697,0.32390255,-1.401794816047186e-05,0.0011525384616106749,0.0011526235612109303,7e267c0bf303542b
3,day3_mean_shift_f2_krum_softmax_seed43,43,18,7,False,False,True,0.4446,113.4375,0.43658647,0.41272572,-1.3677854440174997e-05,0.0011773305013775826,0.0011774100130423903,7e267c0bf303542b
3,day3_mean_shift_f2_krum_softmax_seed43,43,19,0,True,False,True,0.3872,75.671875,-1.717287,2.2703524,-1.281964432564564e-05,0.0008444793638773263,0.0008445766288787127,7e267c0bf303542b
3,day3_mean_shift_f2_krum_softmax_seed43,43,19,1,False,True,False,,175.5,4.947889,1.0477307,-1.229108761435782e-06,0.0014356852043420076,0.001435685670003295,7e267c0bf303542b
3,day3_mean_shift_f2_krum_softmax_seed43,43,19,2,True,False,True,0.4648,75.671875,-1.7172879,2.2703516,-1.281964432564564e-05,0.0008444793638773263,0.0008445766288787127,7e267c0bf303542b
3,day3_mean_shift_f2_krum_softmax_seed43,43,19,3,False,False,True,0.4332,112.0,-1.2907224,-1.6763226,-1.5056401934998576e-05,0.0011832884047180414,0.001183384214527905,7e267c0bf303542b
3,day3_mean_shift_f2_krum_softmax_seed43,43,19,4,False,False,True,0.4598,105.2421875,-0.11402276,-0.6698188,-1.1670547792164143e-05,0.0011422934476286173,0.0011423530522733927,7e267c0bf303542b
3,day3_mean_shift_f2_krum_softmax_seed43,43,19,5,False,False,True,0.4454,110.2890625,0.15849876,-1.0767192,-1.1237496437388472e-05,0.0011727121891453862,0.001172766089439392,7e267c0bf303542b
3,day3_mean_shift_f2_krum_softmax_seed43,43,19,6,False,False,True,0.4498,105.953125,0.13819832,-0.6134596,-1.1554587217688095e-05,0.001150989206507802,0.0011510472977533937,7e267c0bf303542b
3,day3_mean_shift_f2_krum_softmax_seed43,43,19,7,False,True,False,,113.4140625,-0.40527844,-1.5521096,-1.16312821774045e-05,0.0011863780673593283,0.0011864351108670235,7e267c0bf303542b
3,day3_mean_shift_f2_krum_softmax_seed43,43,20,0,True,False,True,0.471,80.53125,-1.7719406,-2.3822289,-1.2759898709191475e-05,0.0008462982950732112,0.0008463945123367012,7e267c0bf303542b
3,day3_mean_shift_f2_krum_softmax_seed43,43,20,1,False,False,True,0.4508,113.6015625,-0.21717778,0.9927093,-1.4838487913948484e-05,0.0011584889143705368,0.0011585839092731476,7e267c0bf303542b
3,day3_mean_shift_f2_krum_softmax_seed43,43,20,2,True,False,True,0.4332,80.53125,-1.7719405,-2.3822298,-1.2759898709191475e-05,0.0008462982950732112,0.0008463945123367012,7e267c0bf303542b
3,day3_mean_shift_f2_krum_softmax_seed43,43,20,3,False,False,True,0.4364,116.0625,-0.5957824,1.4124587,-1.3970093277748674e-05,0.0011741997441276908,0.0011742828646674752,7e267c0bf303542b
3,day3_mean_shift_f2_krum_softmax_seed43,43,20,4,False,True,False,,208.5703125,5.510663,-1.067753,-2.1855476006749086e-06,0.001512712799012661,0.0015127144288271666,7e267c0bf303542b
3,day3_mean_shift_f2_krum_softmax_seed43,43,20,5,False,False,True,0.4214,114.8359375,-0.0006884487,0.8119939,-1.1163713679707143e-05,0.0011621116427704692,0.0011621651938185096,7e267c0bf303542b
3,day3_mean_shift_f2_krum_softmax_seed43,43,20,6,False,False,True,0.438,112.5546875,-0.58373743,0.810772,-1.2161816812295001e-05,0.0011515867663547397,0.0011516510276123881,7e267c0bf303542b
3,day3_mean_shift_f2_krum_softmax_seed43,43,20,7,False,True,False,,121.3671875,-0.56940466,1.8042756,-1.4917501175659709e-05,0.001192973693832755,0.0011930669425055385,7e267c0bf303542b
3,day3_mean_shift_f2_krum_softmax_seed43,43,21,0,True,False,True,0.4482,83.203125,-1.8326977,2.4303758,-1.0966991794703063e-05,0.0008422347600571811,0.0008423061808571219,7e267c0bf303542b
3,day3_mean_shift_f2_krum_softmax_seed43,43,21,1,False,True,False,,225.5625,5.8079734,1.091336,-1.4225362065189984e-05,0.0015585420187562704,0.0015586069785058498,7e267c0bf303542b
3,day3_mean_shift_f2_krum_softmax_seed43,43,21,2,True,False,True,0.423,83.203125,-1.8326997,2.4303768,-1.0966991794703063e-05,0.0008422347600571811,0.0008423061808571219,7e267c0bf303542b
3,day3_mean_shift_f2_krum_softmax_seed43,43,21,3,False,False,True,0.4574,117.8984375,-0.23702505,-1.2473791,-8.567799341108184e-06,0.0011616440024226904,0.0011616756673902273,7e267c0bf303542b
3,day3_mean_shift_f2_krum_softmax_seed43,43,21,4,False,True,False,,118.859375,-0.38020676,-1.1121111,-1.56835449161008e-05,0.0011623571626842022,0.001162462867796421,7e267c0bf303542b
3,day3_mean_shift_f2_krum_softmax_seed43,43,21,5,False,False,True,0.4492,117.453125,-0.34723294,-1.1564548,-9.974201930162963e-06,0.0011599910212680697,0.001160033862106502,7e267c0bf303542b
3,day3_mean_shift_f2_krum_softmax_seed43,43,21,6,False,False,True,0.4614,117.21875,-0.5671533,-0.8812913,-1.0388132977823261e-05,0.00115530239418149,0.0011553490767255425,7e267c0bf303542b
3,day3_mean_shift_f2_krum_softmax_seed43,43,21,7,False,False,True,0.4484,118.6953125,-0.6109657,-1.5548571,-1.321720083069522e-05,0.0011675108689814806,0.0011675858404487371,7e267c0bf303542b
3,day3_mean_shift_f2_krum_softmax_seed43,43,22,0,True,False,True,0.4396,86.8515625,-1.7684882,-2.4477255,-1.2647342373384163e-05,0.000832487246952951,0.0008325832895934582,7e267c0bf303542b
3,day3_mean_shift_f2_krum_softmax_seed43,43,22,1,False,False,True,0.4518,121.6796875,-0.38342053,1.0591964,-1.1508541319926735e-05,0.001155872130766511,0.0011559294071048498,7e267c0bf303542b
3,day3_mean_shift_f2_krum_softmax_seed43,43,22,2,True,False,True,0.4558,86.8515625,-1.7684884,-2.4477258,-1.2647342373384163e-05,0.000832487246952951,0.0008325832895934582,7e267c0bf303542b
3,day3_mean_shift_f2_krum_softmax_seed43,43,22,3,False,False,True,0.4778,124.15625,-0.960568,1.4879857,-1.1109060324088205e-05,0.0011752394493669271,0.0011752918362617493,7e267c0bf303542b
3,day3_mean_shift_f2_krum_softmax_seed43,43,22,4,False,True,False,,128.671875,-0.3878087,1.8166078,-1.554688969918061e-05,0.0011939830146729946,0.001194084296002984,7e267c0bf303542b
3,day3_mean_shift_f2_krum_softmax_seed43,43,22,5,False,False,True,0.4474,126.078125,0.15856089,0.80536264,-9.312491783930454e-06,0.0011720029870048165,0.0011720398906618357,7e267c0bf303542b
3,day3_mean_shift_f2_krum_softmax_seed43,43,22,6,False,False,True,0.4668,126.6875,-0.06950125,0.919689,-1.743147731758654e-05,0.001179209677502513,0.0011793385492637753,7e267c0bf303542b
3,day3_mean_shift_f2_krum_softmax_seed43,43,22,7,False,True,False,,197.1328125,5.1797023,-1.193389,-1.1707827070495114e-05,0.001444575609639287,0.0014446229906752706,7e267c0bf303542b
3,day3_mean_shift_f2_krum_softmax_seed43,43,23,0,True,False,True,0.4652,89.4296875,-2.6866007,1.1751252,-1.1584751518967096e-05,0.0008138036355376244,0.0008138861157931387,7e267c0bf303542b
3,day3_mean_shift_f2_krum_softmax_seed43,43,23,1,False,True,False,,144.1640625,2.617036,2.5315478,-5.99496161157731e-06,0.0012495310511440039,0.0012495454866439104,7e267c0bf303542b
3,day3_mean_shift_f2_krum_softmax_seed43,43,23,2,True,False,True,0.4984,89.4296875,-2.6866002,1.1751254,-1.1584751518967096e-05,0.0008138036355376244,0.0008138861157931387,7e267c0bf303542b
3,day3_mean_shift_f2_krum_softmax_seed43,43,23,3,False,False,True,0.4586,131.40625,0.38062084,-0.98561585,-1.1262950465606991e-05,0.0011865722481161356,0.0011866256827488542,7e267c0bf303542b
3,day3_mean_shift_f2_krum_softmax_seed43,43,23,4,False,False,True,0.4774,127.9609375,0.60775226,-0.26032072,-1.1381728654669132e-05,0.0011759791523218155,0.0011760342167690396,7e267c0bf303542b
3,day3_mean_shift_f2_krum_softmax_seed43,43,23,5,False,False,True,0.4722,132.1171875,1.1994194,0.051137343,-1.2310129022807814e-05,0.0011983199510723352,0.0011983831645920873,7e267c0bf303542b
3,day3_mean_shift_f2_krum_softmax_seed43,43,23,6,False,True,False,,137.7734375,-0.1393938,-3.2704334,-1.7217153072124347e-05,0.0012177455937489867,0.001217867131344974,7e267c0bf303542b
3,day3_mean_shift_f2_krum_softmax_seed43,43,23,7,False,False,True,0.4728,127.625,0.70775664,-0.41656354,-1.1598068340390455e-05,0.0011724497890099883,0.0011725070653483272,7e267c0bf303542b
3,day3_mean_shift_f2_krum_softmax_seed43,43,24,0,True,False,True,0.4766,96.984375,2.3776994,0.83180743,-1.1025123058061581e-05,0.0008234161650761962,0.0008234899141825736,7e267c0bf303542b
3,day3_mean_shift_f2_krum_softmax_seed43,43,24,1,False,False,True,0.4756,144.3359375,1.771512,-0.14387661,-1.1557846846699249e-05,0.0012217873008921742,0.0012218421325087547,7e267c0bf303542b
3,day3_mean_shift_f2_krum_softmax_seed43,43,24,2,True,False,True,0.4382,96.984375,2.3776996,0.8318081,-1.1025123058061581e-05,0.0008234161650761962,0.0008234899141825736,7e267c0bf303542b
3,day3_mean_shift_f2_krum_softmax_seed43,43,24,3,False,True,False,,161.7421875,-2.1701121,-2.5700693,-6.509879767691018e-06,0.0013180794194340706,0.0013180954847484827,7e267c0bf303542b
3,day3_mean_shift_f2_krum_softmax_seed43,43,24,4,False,True,False,,179.875,-3.290274,3.564889,-7.227076366689289e-06,0.0013779866276308894,0.0013780056033283472,7e267c0bf303542b
3,day3_mean_shift_f2_krum_softmax_seed43,43,24,5,False,False,True,0.4658,151.9140625,-1.471013,-1.4112662,-8.960639206634369e-06,0.0012662779772654176,0.0012663096422329545,7e267c0bf303542b
3,day3_mean_shift_f2_krum_softmax_seed43,43,24,6,False,False,True,0.4524,143.2421875,-0.45835894,-1.004691,-8.150815119734034e-06,0.0012168907560408115,0.0012169181136414409,7e267c0bf303542b
3,day3_mean_shift_f2_krum_softmax_seed43,43,24,7,False,False,True,0.4772,136.6015625,0.86285734,-0.09859696,-1.2337108273641206e-05,0.0011749631958082318,0.0011750281555578113,7e267c0bf303542b
3,day3_mean_shift_f2_krum_softmax_seed43,43,25,0,True,False,True,0.4514,93.1015625,-2.707972,1.1915092,-1.198726658913074e-05,0.0008071125485002995,0.0008072015480138361,7e267c0bf303542b
3,day3_mean_shift_f2_krum_softmax_seed43,43,25,1,False,False,True,0.473,137.9765625,0.8439721,-0.9277438,-1.0201695658906829e-05,0.0011869840091094375,0.0011870277812704444,7e267c0bf303542b
3,day3_mean_shift_f2_krum_softmax_seed43,43,25,2,True,False,True,0.4842,93.1015625,-2.7079718,1.1915084,-1.198726658913074e-05,0.0008071125485002995,0.0008072015480138361,7e267c0bf303542b
3,day3_mean_shift_f2_krum_softmax_seed43,43,25,3,False,True,False,,145.0390625,0.9143747,-2.2933133,-1.1315923075017054e-05,0.001216931501403451,0.0012169841211289167,7e267c0bf303542b
3,day3_mean_shift_f2_krum_softmax_seed43,43,25,4,False,True,False,,157.515625,2.9936857,3.2989056,-9.645078534958884e-06,0.001265241764485836,0.0012652785517275333,7e267c0bf303542b
3,day3_mean_shift_f2_krum_softmax_seed43,43,25,5,False,False,True,0.468,137.0546875,0.28963435,-1.0606447,-1.0098615348397288e-05,0.001183647196739912,0.001183690270408988,7e267c0bf303542b
3,day3_mean_shift_f2_krum_softmax_seed43,43,25,6,False,False,True,0.4888,132.65625,0.072403744,-0.81526804,-1.2781710211129393e-05,0.0011612772941589355,0.0011613477254286408,7e267c0bf303542b
3,day3_mean_shift_f2_krum_softmax_seed43,43,25,7,False,False,True,0.4884,135.078125,0.30186307,-0.5849565,-1.1808932868007105e-05,0.0011737565509974957,0.0011738159228116274,7e267c0bf303542b
3,day3_mean_shift_f2_krum_softmax_seed43,43,26,0,True,False,True,0.489,90.8125,2.7097435,-1.1594695,-1.149863783211913e-05,0.000794071878772229,0.0007941551157273352,7e267c0bf303542b
3,day3_mean_shift_f2_krum_softmax_seed43,43,26,1,False,False,True,0.4936,128.0859375,-0.26460922,0.717164,-1.2262261407158803e-05,0.0011379794450476766,0.0011380455689504743,7e267c0bf303542b
3,day3_mean_shift_f2_krum_softmax_seed43,43,26,2,True,False,True,0.4894,90.8125,2.7097433,-1.1594697,-1.149863783211913e-05,0.000794071878772229,0.0007941551157273352,7e267c0bf303542b
3,day3_mean_shift_f2_krum_softmax_seed43,43,26,3,False,True,False,,136.34375,-0.81102866,1.6632594,-9.83516019914532e-06,0.0011810853611677885,0.0011811263393610716,7e267c0bf303542b
3,day3_mean_shift_f2_krum_softmax_seed43,43,26,4,False,False,True,0.4708,133.59375,-0.6406869,1.407397,-9.268671419704333e-06,0.0011684260098263621,0.0011684626806527376,7e267c0bf303542b
3,day3_mean_shift_f2_krum_softmax_seed43,43,26,5,False,False,True,0.4924,133.6484375,-0.12505902,1.3176081,-1.1061746590712573e-05,0.001168305636383593,0.0011683580232784152,7e267c0bf303542b
3,day3_mean_shift_f2_krum_softmax_seed43,43,26,6,False,True,False,,150.640625,-2.7910798,-3.3411694,-1.3475239029503427e-05,0.001241595484316349,0.0012416685931384563,7e267c0bf303542b
3,day3_mean_shift_f2_krum_softmax_seed43,43,26,7,False,False,True,0.5058,134.453125,-0.7870212,0.5546753,-1.1867113244079519e-05,0.001170170959085226,0.0011702311458066106,7e267c0bf303542b
3,day3_mean_shift_f2_krum_softmax_seed43,43,27,0,True,False,True,0.4836,106.25,-2.3864453,-2.1899767,-1.1706022633006796e-05,0.0008206020575016737,0.0008206855854950845,7e267c0bf303542b
3,day3_mean_shift_f2_krum_softmax_seed43,43,27,1,False,False,True,0.5044,153.6796875,0.14386545,0.86469495,-1.2914107173855882e-05,0.0011975039960816503,0.0011975737288594246,7e267c0bf303542b
3,day3_mean_shift_f2_krum_softmax_seed43,43,27,2,True,False,True,0.5078,106.25,-2.3864465,-2.1899774,-1.1706022633006796e-05,0.0008206020575016737,0.0008206855854950845,7e267c0bf303542b
3,day3_mean_shift_f2_krum_softmax_seed43,43,27,3,False,False,True,0.4936,150.421875,-0.029322956,1.052613,-1.0856613698706497e-05,0.0011838332284241915,0.0011838829377666116,7e267c0bf303542b
3,day3_mean_shift_f2_krum_softmax_seed43,43,27,4,False,True,False,,163.578125,1.1046975,1.3706955,-1.23930212794221e-05,0.0012460995931178331,0.0012461612932384014,7e267c0bf303542b
3,day3_mean_shift_f2_krum_softmax_seed43,43,27,5,False,True,False,,192.1796875,4.2827992,-2.4780896,-1.0149543413717765e-05,0.0013515072641894221,0.0013515454484149814,7e267c0bf303542b
3,day3_mean_shift_f2_krum_softmax_seed43,43,27,6,False,False,True,0.4722,157.0078125,-0.67057145,2.022813,-1.3157357898307964e-05,0.0012201695935800672,0.0012202406069263816,7e267c0bf303542b
3,day3_mean_shift_f2_krum_softmax_seed43,43,27,7,False,False,True,0.483,158.7734375,-0.05859008,1.5472257,-9.773973033588845e-06,0.0012272025924175978,0.001227241475135088,7e267c0bf303542b
3,day3_mean_shift_f2_krum_softmax_seed43,43,28,0,True,False,True,0.491,100.5078125,2.4495401,1.9762837,-1.1079852811235469e-05,0.0007978806388564408,0.0007979575893841684,7e267c0bf303542b
3,day3_mean_shift_f2_krum_softmax_seed43,43,28,1,False,False,True,0.5072,144.671875,0.009420825,-1.1455814,-1.2908512871945277e-05,0.001175067969597876,0.0011751389829441905,7e267c0bf303542b
3,day3_mean_shift_f2_krum_softmax_seed43,43,28,2,True,False,True,0.491,100.5078125,2.4495397,1.9762847,-1.1079852811235469e-05,0.0007978806388564408,0.0007979575893841684,7e267c0bf303542b
3,day3_mean_shift_f2_krum_softmax_seed43,43,28,3,False,True,False,,179.1171875,-4.065337,2.6415114,-8.568706107325852e-06,0.0013125366531312466,0.001312564592808485,7e267c0bf303542b
3,day3_mean_shift_f2_krum_softmax_seed43,43,28,4,False,False,True,0.4978,145.4453125,-0.22564715,-1.2362528,-1.1651603927020915e-05,0.0011778278276324272,0.0011778854532167315,7e267c0bf303542b
3,day3_mean_shift_f2_krum_softmax_seed43,43,28,5,False,False,True,0.5086,143.3671875,-0.2283816,-0.9187005,-1.1012758477590978e-05,0.001167824026197195,0.0011678759474307299,7e267c0bf303542b
3,day3_mean_shift_f2_krum_softmax_seed43,43,28,6,False,False,True,0.479,148.984375,-0.35022518,-1.4472107,-1.0238443792331964e-05,0.0011929133906960487,0.0011929572792723775,7e267c0bf303542b
3,day3_mean_shift_f2_krum_softmax_seed43,43,28,7,False,True,False,,153.5546875,-0.038904842,-1.8463274,-1.606924161023926e-05,0.0012063146568834782,0.001206421758979559,7e267c0bf303542b
3,day3_mean_shift_f2_krum_softmax_seed43,43,29,0,True,False,True,0.4604,108.1640625,2.5050411,-2.0642216,-1.1078514944529161e-05,0.0008075788500718772,0.0008076548692770302,7e267c0bf303542b
3,day3_mean_shift_f2_krum_softmax_seed43,43,29,1,False,False,True,0.5138,156.8828125,-0.2906209,1.083591,-9.80670392891625e-06,0.0012026865733787417,0.0012027265038341284,7e267c0bf303542b
3,day3_mean_shift_f2_krum_softmax_seed43,43,29,2,True,False,True,0.435,108.1640625,2.5050418,-2.064222,-1.1078514944529161e-05,0.0008075788500718772,0.0008076548692770302,7e267c0bf303542b
3,day3_mean_shift_f2_krum_softmax_seed43,43,29,3,False,False,True,0.4974,157.0390625,-0.5203229,0.73271376,-8.850868653098587e-06,0.001200315891765058,0.0012003484880551696,7e267c0bf303542b
3,day3_mean_shift_f2_krum_softmax_seed43,43,29,4,False,False,True,0.4846,161.484375,-0.60094863,1.0908977,-1.1759932931454387e-05,0.001218948746100068,0.0012190055567771196,7e267c0bf303542b
3,day3_mean_shift_f2_krum_softmax_seed43,43,29,5,False,True,False,,184.6328125,-3.9786668,-2.4168956,-1.5148908460105304e-05,0.0013117927592247725,0.0013118804199621081,7e267c0bf303542b
3,day3_mean_shift_f2_krum_softmax_seed43,43,29,6,False,False,True,0.4616,152.6875,-0.30601487,0.42309174,-1.2508648069342598e-05,0.001174465985968709,0.001174532575532794,7e267c0bf303542b
3,day3_mean_shift_f2_krum_softmax_seed43,43,29,7,False,True,False,,169.6484375,0.6864953,3.2150428,-1.4440074664889835e-05,0.0012587574310600758,0.0012588402023538947,7e267c0bf303542b
3,day3_mean_shift_f2_krum_softmax_seed43,43,30,0,True,False,True,0.5128,108.84375,3.1947994,-0.44782192,-9.986305485654157e-06,0.0007951190345920622,0.000795181782450527,7e267c0bf303542b
3,day3_mean_shift_f2_krum_softmax_seed43,43,30,1,False,True,False,,172.8515625,-1.8976883,-3.884658,-1.0964212378894445e-05,0.0012576517183333635,0.0012576994486153126,7e267c0bf303542b
3,day3_mean_shift_f2_krum_softmax_seed43,43,30,2,True,False,True,0.5252,108.84375,3.1947992,-0.44782218,-9.986305485654157e-06,0.0007951190345920622,0.000795181782450527,7e267c0bf303542b
3,day3_mean_shift_f2_krum_softmax_seed43,43,30,3,False,False,True,0.5042,160.09375,-0.89993113,0.5209055,-1.0835542525455821e-05,0.001209745300002396,0.001209793845191598,7e267c0bf303542b
3,day3_mean_shift_f2_krum_softmax_seed43,43,30,4,False,True,False,,164.609375,-1.0687728,2.8191235,-1.0176077012147289e-05,0.001229686662554741,0.0012297288049012423,7e267c0bf303542b
3,day3_mean_shift_f2_krum_softmax_seed43,43,30,5,False,False,True,0.4996,156.6484375,-0.7069691,0.6637454,-1.019285264192149e-05,0.0011875855270773172,0.0011876291828230023,7e267c0bf303542b
3,day3_mean_shift_f2_krum_softmax_seed43,43,30,6,False,False,True,0.5036,160.2265625,-1.0467112,-0.13751866,-1.179135051643243e-05,0.0012080796295776963,0.0012081371387466788,7e267c0bf303542b
3,day3_mean_shift_f2_krum_softmax_seed43,43,30,7,False,False,True,0.4966,156.515625,-0.76952493,0.9140465,-1.1291756891296245e-05,0.0011893822811543941,0.0011894359486177564,7e267c0bf303542b
3,day3_mean_shift_f2_krum_softmax_seed43,43,31,0,True,False,True,0.515,114.4140625,3.2912805,0.09886903,-9.50275261857314e-06,0.0007975597400218248,0.0007976163178682327,7e267c0bf303542b
3,day3_mean_shift_f2_krum_softmax_seed43,43,31,1,False,False,True,0.5154,167.8984375,-0.96867,1.3539907,-1.1360942153260112e-05,0.0012206644751131535,0.0012207174440845847,7e267c0bf303542b
3,day3_mean_shift_f2_krum_softmax_seed43,43,31,2,True,False,True,0.5262,114.4140625,3.2912807,0.09886949,-9.50275261857314e-06,0.0007975597400218248,0.0007976163178682327,7e267c0bf303542b
3,day3_mean_shift_f2_krum_softmax_seed43,43,31,3,False,True,False,,176.6796875,-0.9731855,-4.5727534,-1.2119365237595048e-05,0.0012519456213340163,0.001252004294656217,7e267c0bf303542b
3,day3_mean_shift_f2_krum_softmax_seed43,43,31,4,False,False,True,0.5198,163.140625,-0.77490395,0.34300226,-1.0546712474024389e-05,0.0011962188873440027,0.0011962654534727335,7e267c0bf303542b
3,day3_mean_shift_f2_krum_softmax_seed43,43,31,5,False,True,False,,170.8125,-1.4417688,1.198471,-1.0218594979960471e-05,0.0012329868040978909,0.0012330292956903577,7e267c0bf303542b
3,day3_mean_shift_f2_krum_softmax_seed43,43,31,6,False,False,True,0.505,168.9609375,-1.2260851,0.826029,-1.0293979357811622e-05,0.001224284409545362,0.0012243277160450816,7e267c0bf303542b
3,day3_mean_shift_f2_krum_softmax_seed43,43,31,7,False,False,True,0.4906,166.4140625,-1.1979434,0.6535252,-1.3045892046648078e-05,0.0012175460578873754,0.0012176160234957933,7e267c0bf303542b
3,day3_mean_shift_f2_krum_softmax_seed43,43,32,0,True,False,True,0.481,126.5078125,-2.2262661,2.654739,-9.111437975661829e-06,0.0008374507888220251,0.0008375004399567842,7e267c0bf303542b
3,day3_mean_shift_f2_krum_softmax_seed43,43,32,1,False,False,True,0.5212,181.29296875,-0.4235999,-1.1921405,-1.0243979886581656e-05,0.0012344935676082969,0.0012345361756160855,7e267c0bf303542b
3,day3_mean_shift_f2_krum_softmax_seed43,43,32,2,True,False,True,0.482,126.5078125,-2.226266,2.6547387,-9.111437975661829e-06,0.0008374507888220251,0.0008375004399567842,7e267c0bf303542b
3,day3_mean_shift_f2_krum_softmax_seed43,43,32,3,False,False,True,0.5294,180.1171875,-0.026374718,-0.8275093,-7.481682587240357e-06,0.0012215867172926664,0.0012216097675263882,7e267c0bf303542b
3,day3_mean_shift_f2_krum_softmax_seed43,43,32,4,False,False,True,0.4978,180.0625,-0.3245073,-0.9566921,-1.2069491276633926e-05,0.001225640531629324,0.0012257000198587775,7e267c0bf303542b
3,day3_mean_shift_f2_krum_softmax_seed43,43,32,5,False,True,False,,259.5859375,5.7344217,1.5169362,-9.3588378149434e-06,0.001500757527537644,0.0015007866313681006,7e267c0bf303542b
3,day3_mean_shift_f2_krum_softmax_seed43,43,32,6,False,True,False,,201.8515625,-0.65302485,-3.5622075,-1.2232766493980307e-05,0.001316412934102118,0.0013164698611944914,7e267c0bf303542b
3,day3_mean_shift_f2_krum_softmax_seed43,43,32,7,False,False,True,0.5034,182.015625,0.14560859,-0.28786084,-1.1054105016228277e-05,0.0012342568952590227,0.0012343063717707992,7e267c0bf303542b
3,day3_mean_shift_f2_krum_softmax_seed43,43,33,0,True,False,True,0.5282,117.8203125,-3.330826,0.13528065,-1.0109052709594835e-05,0.0007916770409792662,0.0007917415350675583,7e267c0bf303542b
3,day3_mean_shift_f2_krum_softmax_seed43,43,33,1,False,True,False,,180.72265625,1.3592261,-3.4921052,-9.304391824116465e-06,0.0012459284625947475,0.0012459632707759738,7e267c0bf303542b
3,day3_mean_shift_f2_krum_softmax_seed43,43,33,2,True,False,True,0.5292,117.8203125,-3.3308256,0.13528101,-1.0109052709594835e-05,0.0007916770409792662,0.0007917415350675583,7e267c0bf303542b
3,day3_mean_shift_f2_krum_softmax_seed43,43,33,3,False,True,False,,182.078125,1.6726928,3.5548658,-9.747646799951326e-06,0.0012534395791590214,0.0012534774141386151,7e267c0bf303542b
3,day3_mean_shift_f2_krum_softmax_seed43,43,33,4,False,False,True,0.5198,173.04296875,0.985589,-0.5957393,-1.0860360816877801e-05,0.0012184168444946408,0.0012184652732685208,7e267c0bf303542b
3,day3_mean_shift_f2_krum_softmax_seed43,43,33,5,False,False,True,0.5102,169.046875,0.6427907,0.06708628,-1.1677650036290288e-05,0.0011976396199315786,0.0011976964306086302,7e267c0bf303542b
3,day3_mean_shift_f2_krum_softmax_seed43,43,33,6,False,False,True,0.4922,170.76171875,0.9232437,-0.22596237,-1.1380433534213807e-05,0.0012105429777875543,0.0012105965288355947,7e267c0bf303542b
3,day3_mean_shift_f2_krum_softmax_seed43,43,33,7,False,False,True,0.5166,173.890625,1.0781062,0.42129642,-1.2170982699899469e-05,0.0012237647315487266,0.0012238253839313984,7e267c0bf303542b
3,day3_mean_shift_f2_krum_softmax_seed43,43,34,0,True,False,True,0.5378,125.9921875,2.1879053,2.8690617,-9.79662945610471e-06,0.0008198129944503307,0.0008198715513572097,7e267c0bf303542b
3,day3_mean_shift_f2_krum_softmax_seed43,43,34,1,False,False,True,0.524,180.265625,0.2371081,-1.5332175,-1.0643148016242776e-05,0.001221091952174902,0.001221138401888311,7e267c0bf303542b
3,day3_mean_shift_f2_krum_softmax_seed43,43,34,2,True,False,True,0.4716,125.9921875,2.187907,2.8690603,-9.79662945610471e-06,0.0008198129944503307,0.0008198715513572097,7e267c0bf303542b
3,day3_mean_shift_f2_krum_softmax_seed43,43,34,3,False,True,False,,272.73046875,-5.9672427,1.6831087,-1.0164459126826841e-05,0.001547537394799292,0.0015475708059966564,7e267c0bf303542b
3,day3_mean_shift_f2_krum_softmax_seed43,43,34,4,False,False,True,0.5212,181.7734375,0.11605946,-0.96464455,-1.2229574167577084e-05,0.0012271676678210497,0.0012272285530343652,7e267c0bf303542b
3,day3_mean_shift_f2_krum_softmax_seed43,43,34,5,False,False,True,0.5284,179.703125,0.44267532,-1.0741326,-8.606718438386451e-06,0.0012167178792878985,0.0012167482636868954,7e267c0bf303542b
3,day3_mean_shift_f2_krum_softmax_seed43,43,34,6,False,False,True,0.5034,185.69140625,0.28082255,-1.8017352,-1.1273791642452125e-05,0.0012458967976272106,0.0012459479039534926,7e267c0bf303542b
3,day3_mean_shift_f2_krum_softmax_seed43,43,34,7,False,True,False,,186.85546875,0.5147765,-2.0475042,-1.158221948571736e-05,0.0012556003639474511,0.0012556537985801697,7e267c0bf303542b
3,day3_mean_shift_f2_krum_softmax_seed43,43,35,0,True,False,True,0.5538,125.12109375,3.0555615,-1.6623898,-9.043562386068515e-06,0.0008023494156077504,0.0008024003473110497,7e267c0bf303542b
3,day3_mean_shift_f2_krum_softmax_seed43,43,35,1,False,False,True,0.5238,186.73828125,-0.36267412,1.7254963,-1.018383954942692e-05,0.001240939716808498,0.0012409815099090338,7e267c0bf303542b
3,day3_mean_shift_f2_krum_softmax_seed43,43,35,2,True,False,True,0.5616,125.12109375,3.055562,-1.66239,-9.043562386068515e-06,0.0008023494156077504,0.0008024003473110497,7e267c0bf303542b
3,day3_mean_shift_f2_krum_softmax_seed43,43,35,3,False,True,False,,187.71875,-0.9261984,1.5972201,-8.691681614436675e-06,0.0012476126430556178,0.0012476429110392928,7e267c0bf303542b
3,day3_mean_shift_f2_krum_softmax_seed43,43,35,4,False,False,True,0.5122,179.296875,-0.14480385,1.002899,-1.0030427802121267e-05,0.0012078717118129134,0.0012079132720828056,7e267c0bf303542b
3,day3_mean_shift_f2_krum_softmax_seed43,43,35,5,False,False,True,0.4906,179.19921875,-0.28437886,1.0422233,-9.222867447533645e-06,0.00120638869702816,0.0012064238544553518,7e267c0bf303542b
3,day3_mean_shift_f2_krum_softmax_seed43,43,35,6,False,True,False,,213.63671875,-3.7158554,-3.7260814,-1.2433175470505375e-05,0.0013392036780714989,0.0013392613036558032,7e267c0bf303542b
3,day3_mean_shift_f2_krum_softmax_seed43,43,35,7,False,False,True,0.493,186.40234375,-0.67720574,1.6830236,-1.0533559361647349e-05,0.001242322032339871,0.0012423667358234525,7e267c0bf303542b
3,day3_mean_shift_f2_krum_softmax_seed43,43,36,0,True,False,True,0.5362,126.328125,-3.1711242,1.4499284,-9.157811291515827e-06,0.0008018840453587472,0.0008019363158382475,7e267c0bf303542b
3,day3_mean_shift_f2_krum_softmax_seed43,43,36,1,False,True,False,,198.87109375,0.4704565,-3.4448307,-5.581889126915485e-06,0.0012838051188737154,0.0012838173424825072,7e267c0bf303542b
3,day3_mean_shift_f2_krum_softmax_seed43,43,36,2,True,False,True,0.5028,126.328125,-3.171125,1.4499277,-9.157811291515827e-06,0.0008018840453587472,0.0008019363158382475,7e267c0bf303542b
3,day3_mean_shift_f2_krum_softmax_seed43,43,36,3,False,False,True,0.5068,193.32421875,1.4076095,-0.03864645,-9.483922440267634e-06,0.0012606072705239058,0.0012606430100277066,7e267c0bf303542b
3,day3_mean_shift_f2_krum_softmax_seed43,43,36,4,False,False,True,0.5316,184.56640625,0.107431084,-1.8564243,-8.120677193801384e-06,0.001228171051479876,0.0012281978270038962,7e267c0bf303542b
3,day3_mean_shift_f2_krum_softmax_seed43,43,36,5,False,True,False,,212.02734375,3.4116461,3.3461502,-1.0665426998457406e-05,0.001330394297838211,0.0013304371386766434,7e267c0bf303542b
3,day3_mean_shift_f2_krum_softmax_seed43,43,36,6,False,False,True,0.5074,181.26953125,0.6219623,-0.17670001,-1.0423206731502432e-05,0.0012079781154170632,0.0012080231681466103,7e267c0bf303542b
3,day3_mean_shift_f2_krum_softmax_seed43,43,36,7,False,False,True,0.5094,180.0,0.32313645,-0.72939926,-1.0865673175430857e-05,0.0012088597286492586,0.0012089087394997478,7e267c0bf303542b
3,day3_mean_shift_f2_krum_softmax_seed43,43,37,0,True,False,True,0.5076,140.61328125,-3.6403556,0.010885633,-8.710248039278667e-06,0.0008268077508546412,0.000826853618491441,7e267c0bf303542b
3,day3_mean_shift_f2_krum_softmax_seed43,43,37,1,False,False,True,0.5352,198.68359375,0.23780422,-0.4725972,-7.834040843590628e-06,0.0012354124337434769,0.001235437230207026,7e267c0bf303542b
3,day3_mean_shift_f2_krum_softmax_seed43,43,37,2,True,False,True,0.514,140.61328125,-3.640357,0.010885434,-8.710248039278667e-06,0.0008268077508546412,0.000826853618491441,7e267c0bf303542b
3,day3_mean_shift_f2_krum_softmax_seed43,43,37,3,False,True,False,,223.9140625,2.5700712,-1.6396004,-8.446544597973116e-06,0.0013563629472628236,0.0013563892571255565,7e267c0bf303542b
3,day3_mean_shift_f2_krum_softmax_seed43,43,37,4,False,False,True,0.5098,205.3359375,0.5753227,-0.9889788,-7.842104423616547e-06,0.0012733242474496365,0.0012733484618365765,7e267c0bf303542b
3,day3_mean_shift_f2_krum_softmax_seed43,43,37,5,False,True,False,,243.5234375,1.5359073,5.4270935,-1.4730513612448703e-05,0.0014148106565698981,0.001414887374266982,7e267c0bf303542b
3,day3_mean_shift_f2_krum_softmax_seed43,43,37,6,False,False,True,0.513,206.94140625,0.85903764,-0.2588225,-9.244547982234508e-06,0.0012784337159246206,0.001278467127121985,7e267c0bf303542b
3,day3_mean_shift_f2_krum_softmax_seed43,43,37,7,False,False,True,0.5164,218.42578125,1.5025649,-2.0888696,-8.224594239436556e-06,0.001332034938968718,0.0013320603175088763,7e267c0bf303542b
3,day3_mean_shift_f2_krum_softmax_seed43,43,38,0,True,False,True,0.552,135.265625,3.5794938,-0.039198667,-8.933904609875754e-06,0.0008004329865798354,0.0008004828123375773,7e267c0bf303542b
3,day3_mean_shift_f2_krum_softmax_seed43,43,38,1,False,False,True,0.5166,199.17578125,-1.2169249,0.113490276,-1.0313489838154055e-05,0.0012467782944440842,0.0012468210188671947,7e267c0bf303542b
3,day3_mean_shift_f2_krum_softmax_seed43,43,38,2,True,False,True,0.4664,135.265625,3.579493,-0.039198793,-8.933904609875754e-06,0.0008004329865798354,0.0008004828123375773,7e267c0bf303542b
3,day3_mean_shift_f2_krum_softmax_seed43,43,38,3,False,True,False,,201.671875,-1.3549409,1.3858807,-1.102370151784271e-05,0.0012686671689152718,0.0012687151320278645,7e267c0bf303542b
3,day3_mean_shift_f2_krum_softmax_seed43,43,38,4,False,False,True,0.512,194.1875,-0.720674,0.2916955,-1.129038992075948e-05,0.0012304257834330201,0.001230477588251233,7e267c0bf303542b
3,day3_mean_shift_f2_krum_softmax_seed43,43,38,5,False,False,True,0.5238,201.5546875,-1.328736,2.3640218,-1.4922393347660545e-05,0.0012705090921372175,0.0012705967528745532,7e267c0bf303542b
3,day3_mean_shift_f2_krum_softmax_seed43,43,38,6,False,True,False,,204.5,-1.3624291,-4.5773025,-1.0466844287293497e-05,0.001278748270124197,0.0012787911109626293,7e267c0bf303542b
3,day3_mean_shift_f2_krum_softmax_seed43,43,38,7,False,False,True,0.5244,199.49609375,-1.1752732,0.50060976,-9.397193935001269e-06,0.0012575058499351144,0.0012575410073623061,7e267c0bf303542b
3,day3_mean_shift_f2_krum_softmax_seed43,43,39,0,True,False,True,0.5462,137.46875,-3.6084535,0.07191087,-8.19460183265619e-06,0.0008015919011086226,0.0008016337524168193,7e267c0bf303542b
3,day3_mean_shift_f2_krum_softmax_seed43,43,39,1,False,False,True,0.5308,195.26953125,0.6790249,0.45441473,-9.748953743837774e-06,0.00121992954518646,0.001219968544319272,7e267c0bf303542b
3,day3_mean_shift_f2_krum_softmax_seed43,43,39,2,True,False,True,0.4938,137.46875,-3.6084545,0.071911074,-8.19460183265619e-06,0.0008015919011086226,0.0008016337524168193,7e267c0bf303542b
3,day3_mean_shift_f2_krum_softmax_seed43,43,39,3,False,True,False,,210.546875,1.6664238,3.9285567,-9.187578143610153e-06,0.0012911843368783593,0.0012912169331684709,7e267c0bf303542b
3,day3_mean_shift_f2_krum_softmax_seed43,43,39,4,False,True,False,,209.2578125,1.3600559,-3.6897433,-1.0287684744980652e-05,0.001283416640944779,0.0012834579683840275,7e267c0bf303542b
3,day3_mean_shift_f2_krum_softmax_seed43,43,39,5,False,False,True,0.5396,204.140625,1.3524139,-0.6241928,-9.913161193253472e-06,0.0012617423199117184,0.0012617812026292086,7e267c0bf303542b
3,day3_mean_shift_f2_krum_softmax_seed43,43,39,6,False,False,True,0.5328,205.8046875,1.3391994,-0.5762279,-1.0628051313688047e-05,0.00127115729264915,0.0012712017633020878,7e267c0bf303542b
3,day3_mean_shift_f2_krum_softmax_seed43,43,39,7,False,False,True,0.5412,202.09765625,0.81977683,0.3633722,-1.0990079317707568e-05,0.001254644594155252,0.0012546926736831665,7e267c0bf303542b
3,day3_mean_shift_f2_krum_softmax_seed43,43,40,0,True,False,True,0.5612,144.1015625,-3.436288,1.4922906,-8.528885700798128e-06,0.0008169154170900583,0.000816960004158318,7e267c0bf303542b
3,day3_mean_shift_f2_krum_softmax_seed43,43,40,1,False,False,True,0.5342,219.703125,0.6720554,-1.9176236,-8.094391887425445e-06,0.0013027024688199162,0.0013027276145294309,7e267c0bf303542b
3,day3_mean_shift_f2_krum_softmax_seed43,43,40,2,True,False,True,0.547,144.1015625,-3.436288,1.4922905,-8.528885700798128e-06,0.0008169154170900583,0.000816960004158318,7e267c0bf303542b
3,day3_mean_shift_f2_krum_softmax_seed43,43,40,3,False,True,False,,240.05859375,3.6158092,4.1264124,-1.064012303686468e-05,0.0013801200548186898,0.001380161033011973,7e267c0bf303542b
3,day3_mean_shift_f2_krum_softmax_seed43,43,40,4,False,False,True,0.53,207.65234375,0.535026,-0.942878,-7.269663456099806e-06,0.0012531592510640621,0.0012531803222373128,7e267c0bf303542b
3,day3_mean_shift_f2_krum_softmax_seed43,43,40,5,False,False,True,0.5334,211.30078125,0.20946114,-1.8476273,-9.346601473225746e-06,0.0012720860540866852,0.0012721202801913023,7e267c0bf303542b
3,day3_mean_shift_f2_krum_softmax_seed43,43,40,6,False,False,True,0.5156,209.0234375,0.68247944,-0.6263126,-1.104078364733141e-05,0.0012584654614329338,0.0012585140066221356,7e267c0bf303542b
3,day3_mean_shift_f2_krum_softmax_seed43,43,40,7,False,True,False,,220.86328125,1.1577307,-1.7765491,-9.977070476452354e-06,0.0013114442117512226,0.00131148227956146,7e267c0bf303542b
3,day3_mean_shift_f2_krum_softmax_seed43,43,41,0,True,False,True,0.5538,142.0078125,-3.611992,0.53248215,-7.927212209324352e-06,0.0008118542609736323,0.0008118929690681398,7e267c0bf303542b
3,day3_mean_shift_f2_krum_softmax_seed43,43,41,1,False,False,True,0.5476,207.79296875,0.6275628,-0.4256733,-1.1246917893004138e-05,0.0012510698288679123,0.0012511203531175852,7e267c0bf303542b
3,day3_mean_shift_f2_krum_softmax_seed43,43,41,2,True,False,True,0.5638,142.0078125,-3.611992,0.5324824,-7.927212209324352e-06,0.0008118542609736323,0.0008118929690681398,7e267c0bf303542b
3,day3_mean_shift_f2_krum_softmax_seed43,43,41,3,False,True,False,,231.80859375,2.5039544,4.646855,-9.011872862174641e-06,0.0013465671800076962,0.0013465973315760493,7e267c0bf303542b
3,day3_mean_shift_f2_krum_softmax_seed43,43,41,4,False,False,True,0.5384,206.80078125,0.5420014,-0.34693444,-9.719642548589036e-06,0.0012456197291612625,0.0012456577969715,7e267c0bf303542b
3,day3_mean_shift_f2_krum_softmax_seed43,43,41,5,False,True,False,,225.23046875,1.7052661,-1.8895704,-7.0235037128441036e-06,0.001320542418397963,0.0013205611612647772,7e267c0bf303542b
3,day3_mean_shift_f2_krum_softmax_seed43,43,41,6,False,False,True,0.5312,206.6953125,0.2775245,-0.51880336,-9.990188118536025e-06,0.001246538944542408,0.0012465789914131165,7e267c0bf303542b
3,day3_mean_shift_f2_krum_softmax_seed43,43,41,7,False,False,True,0.4984,223.53515625,1.5676624,-2.530835,-9.332389709015843e-06,0.001316654495894909,0.0013166875578463078,7e267c0bf303542b
3,day3_mean_shift_f2_krum_softmax_seed43,43,42,0,True,False,True,0.5488,149.796875,-3.1113303,2.2326744,-7.992378414201085e-06,0.0008230163366533816,0.0008230551611632109,7e267c0bf303542b
3,day3_mean_shift_f2_krum_softmax_seed43,43,42,1,False,True,False,,257.921875,4.5138617,3.5845973,-9.567577762936708e-06,0.0014129054034128785,0.0014129377668723464,7e267c0bf303542b
3,day3_mean_shift_f2_krum_softmax_seed43,43,42,2,True,False,True,0.5674,149.796875,-3.1113315,2.2326736,-7.992378414201085e-06,0.0008230163366533816,0.0008230551611632109,7e267c0bf303542b
3,day3_mean_shift_f2_krum_softmax_seed43,43,42,3,False,False,True,0.5292,220.59765625,0.8216099,-1.4168693,-1.0445867701491807e-05,0.00128653971478343,0.001286582089960575,7e267c0bf303542b
3,day3_mean_shift_f2_krum_softmax_seed43,43,42,4,False,False,True,0.547,216.44140625,0.46944177,-1.18961,-9.334135029348545e-06,0.0012704221298918128,0.00127045635599643,7e267c0bf303542b
3,day3_mean_shift_f2_krum_softmax_seed43,43,42,5,False,False,True,0.5278,217.66015625,0.26001152,-1.5749806,-8.962709216575604e-06,0.0012762335827574134,0.0012762650148943067,7e267c0bf303542b
3,day3_mean_shift_f2_krum_softmax_seed43,43,42,6,False,True,False,,226.5859375,-0.04490107,-2.5400443,-8.77634283824591e-06,0.001309937797486782,0.0013099671341478825,7e267c0bf303542b
3,day3_mean_shift_f2_krum_softmax_seed43,43,42,7,False,False,True,0.5132,213.90625,0.2026242,-1.3284454,-9.473708814766724e-06,0.0012594028376042843,0.0012594384606927633,7e267c0bf303542b
3,day3_mean_shift_f2_krum_softmax_seed43,43,43,0,True,False,True,0.543,150.83203125,3.5288763,-1.4126259,-7.214964170998428e-06,0.000818573054857552,0.0008186048944480717,7e267c0bf303542b
3,day3_mean_shift_f2_krum_softmax_seed43,43,43,1,False,False,True,0.5314,224.78515625,-1.3884866,-0.9412717,-8.701586921233684e-06,0.0012885156320407987,0.0012885450851172209,7e267c0bf303542b
3,day3_mean_shift_f2_krum_softmax_seed43,43,43,2,True,False,True,0.569,150.83203125,3.5288756,-1.4126253,-7.214964170998428e-06,0.000818573054857552,0.0008186048944480717,7e267c0bf303542b
3,day3_mean_shift_f2_krum_softmax_seed43,43,43,3,False,True,False,,244.0390625,-3.4338906,-3.6819334,-9.013856470119208e-06,0.0013653524219989777,0.0013653822243213654,7e267c0bf303542b
3,day3_mean_shift_f2_krum_softmax_seed43,43,43,4,False,False,True,0.5374,215.6484375,-0.47477952,0.88629234,-7.820824066584464e-06,0.0012538240989670157,0.0012538485461845994,7e267c0bf303542b
3,day3_mean_shift_f2_krum_softmax_seed43,43,43,5,False,True,False,,226.5703125,-0.782492,2.6034095,-9.098117516259663e-06,0.0013006731169298291,0.0013007048983126879,7e267c0bf303542b
3,day3_mean_shift_f2_krum_softmax_seed43,43,43,6,False,False,True,0.5254,219.921875,-0.7831025,1.2760799,-7.836184522602707e-06,0.00127353984862566,0.0012735640630126,7e267c0bf303542b
3,day3_mean_shift_f2_krum_softmax_seed43,43,43,7,False,False,True,0.5642,222.109375,-0.19499068,2.6826768,-8.522854841430672e-06,0.0012901173904538155,0.0012901455629616976,7e267c0bf303542b
3,day3_mean_shift_f2_krum_softmax_seed43,43,44,0,True,False,True,0.5372,162.625,2.75066,-2.911082,-7.5428938544064295e-06,0.0008763486403040588,0.0008763811783865094,7e267c0bf303542b
3,day3_mean_shift_f2_krum_softmax_seed43,43,44,1,False,False,True,0.5376,226.328125,0.77772224,0.65958166,-6.137264790595509e-06,0.0012596623273566365,0.0012596772285178304,7e267c0bf303542b
3,day3_mean_shift_f2_krum_softmax_seed43,43,44,2,True,False,True,0.5316,162.625,2.7506626,-2.911081,-7.5428938544064295e-06,0.0008763486403040588,0.0008763811783865094,7e267c0bf303542b
3,day3_mean_shift_f2_krum_softmax_seed43,43,44,3,False,False,True,0.5406,233.4375,0.2548382,1.2526681,-9.224691893905401e-06,0.0012952961260452867,0.0012953290715813637,7e267c0bf303542b
3,day3_mean_shift_f2_krum_softmax_seed43,43,44,4,False,False,True,0.5118,237.3984375,0.55978197,0.70787156,-6.392492650775239e-06,0.0013166306307539344,0.0013166462304070592,7e267c0bf303542b
3,day3_mean_shift_f2_krum_softmax_seed43,43,44,5,False,True,False,,401.0234375,-7.3727126,-2.0043118,-1.1924313184863422e-05,0.0018159170867875218,0.0018159562023356557,7e267c0bf303542b
3,day3_mean_shift_f2_krum_softmax_seed43,43,44,6,False,False,True,0.5374,243.296875,0.39931569,1.2225683,-9.02612282516202e-06,0.0013408885570243,0.001340918941423297,7e267c0bf303542b
3,day3_mean_shift_f2_krum_softmax_seed43,43,44,7,False,True,False,,263.33984375,-0.12025496,3.9837873,-8.942328349803574e-06,0.001414117868989706,0.0014141460414975882,7e267c0bf303542b
3,day3_mean_shift_f2_krum_softmax_seed43,43,45,0,True,False,True,0.514,151.85546875,-3.6721685,1.0236824,-6.948193004063796e-06,0.0008112646755762398,0.0008112944196909666,7e267c0bf303542b
3,day3_mean_shift_f2_krum_softmax_seed43,43,45,1,False,False,True,0.5438,222.07421875,0.7087006,-1.8046423,-7.792213182256091e-06,0.001277977367863059,0.0012780011165887117,7e267c0bf303542b
3,day3_mean_shift_f2_krum_softmax_seed43,43,45,2,True,False,True,0.525,151.85546875,-3.672167,1.0236815,-6.948193004063796e-06,0.0008112646755762398,0.0008112944196909666,7e267c0bf303542b
3,day3_mean_shift_f2_krum_softmax_seed43,43,45,3,False,False,True,0.5422,226.109375,1.0382152,-1.7815257,-9.04508306120988e-06,0.0012905438197776675,0.0012905756011605263,7e267c0bf303542b
3,day3_mean_shift_f2_krum_softmax_seed43,43,45,4,False,False,True,0.5,220.765625,0.5380772,-0.40598977,-9.527901966066565e-06,0.0012661642394959927,0.0012662000954151154,7e267c0bf303542b
3,day3_mean_shift_f2_krum_softmax_seed43,43,45,5,False,False,True,0.5516,219.13671875,0.9704644,-0.7722559,-8.354272722499445e-06,0.0012622482609003782,0.0012622758513316512,7e267c0bf303542b
3,day3_mean_shift_f2_krum_softmax_seed43,43,45,6,False,True,False,,230.06640625,1.1143287,-1.8991156,-7.782672582834493e-06,0.0013024177169427276,0.001302441000007093,7e267c0bf303542b
3,day3_mean_shift_f2_krum_softmax_seed43,43,45,7,False,True,False,,244.34375,2.9745362,4.6161685,-1.0630608812789433e-05,0.0013617414515465498,0.001361783011816442,7e267c0bf303542b
3,day3_mean_shift_f2_krum_softmax_seed43,43,46,0,True,False,True,0.5392,164.6953125,3.4219575,-1.6700317,-7.390045993815875e-06,0.0008493172936141491,0.0008493495406582952,7e267c0bf303542b
3,day3_mean_shift_f2_krum_softmax_seed43,43,46,1,False,False,True,0.5032,242.76953125,-0.5482297,0.46322426,-8.698139026819263e-06,0.001320593641139567,0.0013206222793087363,7e267c0bf303542b
3,day3_mean_shift_f2_krum_softmax_seed43,43,46,2,True,False,True,0.5708,164.6953125,3.421959,-1.6700321,-7.390045993815875e-06,0.0008493172936141491,0.0008493495406582952,7e267c0bf303542b
3,day3_mean_shift_f2_krum_softmax_seed43,43,46,3,False,True,False,,290.83984375,-4.7740803,-3.4686146,-8.340720341948327e-06,0.0014988620532676578,0.0014988852199167013,7e267c0bf303542b
3,day3_mean_shift_f2_krum_softmax_seed43,43,46,4,False,True,False,,272.26171875,-0.94323206,4.713893,-1.0693649528548121e-05,0.0014269630191847682,0.0014270031824707985,7e267c0bf303542b
3,day3_mean_shift_f2_krum_softmax_seed43,43,46,5,False,False,True,0.5288,240.7109375,0.3593647,0.22605804,-1.0136048331332859e-05,0.0013093271991237998,0.0013093664310872555,7e267c0bf303542b
3,day3_mean_shift_f2_krum_softmax_seed43,43,46,6,False,False,True,0.5508,248.8046875,-0.37369365,1.4809111,-1.1714373613358475e-05,0.0013453791616484523,0.0013454301515594125,7e267c0bf303542b
3,day3_mean_shift_f2_krum_softmax_seed43,43,46,7,False,False,True,0.574,232.375,-0.56403726,-0.075412124,-8.412770512222778e-06,0.0012709187576547265,0.001270946697331965,7e267c0bf303542b
3,day3_mean_shift_f2_krum_softmax_seed43,43,47,0,True,False,True,0.5846,156.90234375,3.8297486,-0.4123949,-7.392742645606631e-06,0.0008105425513349473,0.0008105763117782772,7e267c0bf303542b
3,day3_mean_shift_f2_krum_softmax_seed43,43,47,1,False,False,True,0.5594,229.9609375,-0.67315245,1.5652053,-6.182240213092882e-06,0.0012873351806774735,0.0012873501982539892,7e267c0bf303542b
3,day3_mean_shift_f2_krum_softmax_seed43,43,47,2,True,False,True,0.5236,156.90234375,3.829749,-0.41239536,-7.392742645606631e-06,0.0008105425513349473,0.0008105763117782772,7e267c0bf303542b
3,day3_mean_shift_f2_krum_softmax_seed43,43,47,3,False,False,True,0.5304,235.0234375,-1.0919037,1.9566865,-6.856681920908159e-06,0.0013102798257023096,0.0013102978700771928,7e267c0bf303542b
3,day3_mean_shift_f2_krum_softmax_seed43,43,47,4,False,False,True,0.5478,227.53125,-0.8465916,0.27783784,-7.445152277796296e-06,0.0012758587254211307,0.0012758804950863123,7e267c0bf303542b
3,day3_mean_shift_f2_krum_softmax_seed43,43,47,5,False,True,False,,242.484375,-2.0903578,-4.829932,-9.879017852654215e-06,0.0013455325970426202,0.0013455689186230302,7e267c0bf303542b
3,day3_mean_shift_f2_krum_softmax_seed43,43,47,6,False,False,True,0.574,230.0859375,-1.121557,-0.14918074,-8.321666427946184e-06,0.0012871049111708999,0.0012871318031102419,7e267c0bf303542b
3,day3_mean_shift_f2_krum_softmax_seed43,43,47,7,False,True,False,,241.07421875,-1.8359269,2.0041697,-8.609632459410932e-06,0.0013326610205695033,0.00133268884383142,7e267c0bf303542b
3,day3_mean_shift_f2_krum_softmax_seed43,43,48,0,True,False,True,0.5754,158.1328125,-3.7466578,1.0864463,-7.050126441754401e-06,0.000817138934507966,0.000817169260699302,7e267c0bf303542b
3,day3_mean_shift_f2_krum_softmax_seed43,43,48,1,False,False,True,0.538,227.140625,0.5193619,-0.82046306,-6.841763934062328e-06,0.0012615242740139365,0.001261542784050107,7e267c0bf303542b
3,day3_mean_shift_f2_krum_softmax_seed43,43,48,2,True,False,True,0.5954,158.1328125,-3.7466588,1.0864458,-7.050126441754401e-06,0.000817138934507966,0.000817169260699302,7e267c0bf303542b
3,day3_mean_shift_f2_krum_softmax_seed43,43,48,3,False,False,True,0.5354,233.015625,1.0053228,-1.3021255,-1.0472629583091475e-05,0.0012930490775033832,0.00129309156909585,7e267c0bf303542b
3,day3_mean_shift_f2_krum_softmax_seed43,43,48,4,False,False,True,0.53,236.14453125,1.0058868,-1.5120174,-8.448230801150203e-06,0.0013025255175307393,0.0013025529915466905,7e267c0bf303542b
3,day3_mean_shift_f2_krum_softmax_seed43,43,48,5,False,False,True,0.55,228.5625,0.774411,-0.83433396,-1.1160559552081395e-05,0.001272061956115067,0.0012721109669655561,7e267c0bf303542b
3,day3_mean_shift_f2_krum_softmax_seed43,43,48,6,False,True,False,,240.234375,1.092275,-2.4626513,-9.783960194909014e-06,0.001319936360232532,0.001319972681812942,7e267c0bf303542b
3,day3_mean_shift_f2_krum_softmax_seed43,43,48,7,False,True,False,,257.78125,3.0960536,4.758698,-8.92419666342903e-06,0.0013800167944282293,0.0013800455490127206,7e267c0bf303542b
3,day3_mean_shift_f2_krum_softmax_seed43,43,49,0,True,False,True,0.5682,163.2578125,3.8538122,-0.8788499,-6.926236892468296e-06,0.0008199691656045616,0.000819998444058001,7e267c0bf303542b
3,day3_mean_shift_f2_krum_softmax_seed43,43,49,1,False,True,False,,242.5703125,-1.2395986,1.296124,-7.2288326009584125e-06,0.0013130726292729378,0.0013130925362929702,7e267c0bf303542b
3,day3_mean_shift_f2_krum_softmax_seed43,43,49,2,True,False,True,0.5728,163.2578125,3.8538115,-0.8788498,-6.926236892468296e-06,0.0008199691656045616,0.000819998444058001,7e267c0bf303542b
3,day3_mean_shift_f2_krum_softmax_seed43,43,49,3,False,False,True,0.55,241.0625,-0.8759308,1.8864838,-6.1196119531814475e-06,0.0013069268316030502,0.0013069412671029568,7e267c0bf303542b
3,day3_mean_shift_f2_krum_softmax_seed43,43,49,4,False,True,False,,259.88671875,-2.7515259,-4.9548445,-7.679209375055507e-06,0.0013744711177423596,0.0013744926545768976,7e267c0bf303542b
3,day3_mean_shift_f2_krum_softmax_seed43,43,49,5,False,False,True,0.5708,242.26171875,-1.1665429,1.940284,-5.38991025678115e-06,0.0013145506381988525,0.0013145615812391043,7e267c0bf303542b
3,day3_mean_shift_f2_krum_softmax_seed43,43,49,6,False,False,True,0.5422,240.1484375,-0.9843232,0.8167555,-6.324389232759131e-06,0.0013026536908000708,0.001302669057622552,7e267c0bf303542b
3,day3_mean_shift_f2_krum_softmax_seed43,43,49,7,False,False,True,0.5648,234.1953125,-0.6896863,0.7728961,-8.282700946438126e-06,0.0012726049171760678,0.0012726319255307317,7e267c0bf303542b
3,day3_mean_shift_f2_krum_softmax_seed43,43,50,0,True,False,True,0.5604,167.125,-3.9436996,0.60564876,-6.2938033806858584e-06,0.0008246399229392409,0.0008246639627031982,7e267c0bf303542b
3,day3_mean_shift_f2_krum_softmax_seed43,43,50,1,False,False,True,0.5608,244.18359375,1.0036839,-1.2560678,-6.437857337004971e-06,0.0013030314585193992,0.0013030474074184895,7e267c0bf303542b
3,day3_mean_shift_f2_krum_softmax_seed43,43,50,2,True,False,True,0.5694,167.125,-3.9436991,0.6056484,-6.2938033806858584e-06,0.0008246399229392409,0.0008246639627031982,7e267c0bf303542b
3,day3_mean_shift_f2_krum_softmax_seed43,43,50,3,False,True,False,,247.9453125,1.1960522,-2.3977377,-5.806951321574161e-06,0.0013216172810643911,0.001321630203165114,7e267c0bf303542b
3,day3_mean_shift_f2_krum_softmax_seed43,43,50,4,False,False,True,0.5562,244.8984375,1.257921,-0.32337505,-8.662251275382005e-06,0.0013085294049233198,0.001308558159507811,7e267c0bf303542b
3,day3_mean_shift_f2_krum_softmax_seed43,43,50,5,False,False,True,0.5722,243.015625,0.87796634,-0.4287135,-7.288032065844163e-06,0.0012985903304070234,0.001298610819503665,7e267c0bf303542b
3,day3_mean_shift_f2_krum_softmax_seed43,43,50,6,False,True,False,,261.48046875,2.364249,5.0096745,-8.248842277680524e-06,0.00136579351965338,0.0013658184325322509,7e267c0bf303542b
3,day3_mean_shift_f2_krum_softmax_seed43,43,50,7,False,False,True,0.507,247.3203125,1.1875142,-1.8150796,-1.1070580512750894e-05,0.001317590824328363,0.0013176372740417719,7e267c0bf303542b
