day,run_name,seed,epoch,attack,n_workers,n_malicious,malicious_indices,detector,detector_mapping_rule,single_krum_base_condition_met,aggregation,temperature,accepted_indices,flagged_indices,aggregation_weights,tp,fp,fn,tn,tpr,fpr,mean_worker_train_loss,mean_worker_train_acc,mean_accepted_validation_acc,global_test_loss_reporting_only,global_test_acc_reporting_only,round_time_sec,status,config_hash
3,day3_byzantine_majority_f2_kmeans_softmax_seed44,44,1,byzantine_majority,8,2,"[5,6]",kmeans,cluster_size_matches_assumed_f,,softmax,0.1,"[0,1,2,3,4,7]","[5,6]","{""0"":0.15565615892410278,""1"":0.13833102583885193,""2"":0.17550183832645416,""3"":0.17168296873569489,""4"":0.19088086485862732,""7"":0.1679471731185913}",2,0,0,6,1.0,0.0,14.996001784759098,0.10215555555555556,0.11453333333333333,2.3068024166107177,0.1,12.874564925208688,complete,7e267c0bf303542b
3,day3_byzantine_majority_f2_kmeans_softmax_seed44,44,2,byzantine_majority,8,2,"[5,6]",kmeans,cluster_size_matches_assumed_f,,softmax,0.1,"[0,1,2,3,4,7]","[5,6]","{""0"":0.15932340919971466,""1"":0.15837033092975616,""2"":0.17019352316856384,""3"":0.155545175075531,""4"":0.16352014243602753,""7"":0.19304747879505157}",2,0,0,6,1.0,0.0,5.106639681445228,0.10371111111111112,0.10543333333333334,2.3032010818481443,0.1,13.096278650686145,complete,7e267c0bf303542b
3,day3_byzantine_majority_f2_kmeans_softmax_seed44,44,3,byzantine_majority,8,2,"[5,6]",kmeans,cluster_size_matches_assumed_f,,softmax,0.1,"[0,1,2,3,4,7]","[5,6]","{""0"":0.1282685399055481,""1"":0.17841744422912598,""2"":0.15887631475925446,""3"":0.2286348193883896,""4"":0.1913541853427887,""7"":0.11444862931966782}",2,0,0,6,1.0,0.0,3.294206348233753,0.12104444444444444,0.12386666666666667,2.3035397136688234,0.1,13.151742797344923,complete,7e267c0bf303542b
3,day3_byzantine_majority_f2_kmeans_softmax_seed44,44,4,byzantine_majority,8,2,"[5,6]",kmeans,cluster_size_matches_assumed_f,,softmax,0.1,"[0,1,2,3,4,7]","[5,6]","{""0"":0.15208420157432556,""1"":0.2123921513557434,""2"":0.14847764372825623,""3"":0.13168787956237793,""4"":0.18354032933712006,""7"":0.17181777954101562}",2,0,0,6,1.0,0.0,2.8982453018453387,0.13537777777777776,0.14753333333333332,2.2704583221435546,0.1313,13.00847694836557,complete,7e267c0bf303542b
3,day3_byzantine_majority_f2_kmeans_softmax_seed44,44,5,byzantine_majority,8,2,"[5,6]",kmeans,cluster_size_matches_assumed_f,,softmax,0.1,"[0,1,2,3,4,7]","[5,6]","{""0"":0.17176076769828796,""1"":0.19955754280090332,""2"":0.1676875799894333,""3"":0.15855517983436584,""4"":0.1303342878818512,""7"":0.1721046417951584}",2,0,0,6,1.0,0.0,2.578900142706765,0.16757777777777777,0.1822,2.311975115585327,0.0945,12.9746582955122,complete,7e267c0bf303542b
3,day3_byzantine_majority_f2_kmeans_softmax_seed44,44,6,byzantine_majority,8,2,"[5,6]",kmeans,cluster_size_matches_assumed_f,,softmax,0.1,"[0,1,2,3,4,7]","[5,6]","{""0"":0.11676488071680069,""1"":0.16047890484333038,""2"":0.17315073311328888,""3"":0.1434752345085144,""4"":0.19758373498916626,""7"":0.20854659378528595}",2,0,0,6,1.0,0.0,2.4906003975020514,0.16164444444444445,0.16693333333333335,2.1431093223571778,0.1838,12.752431554719806,complete,7e267c0bf303542b
3,day3_byzantine_majority_f2_kmeans_softmax_seed44,44,7,byzantine_majority,8,2,"[5,6]",kmeans,cluster_size_matches_assumed_f,,softmax,0.1,"[0,1,2,3,4,7]","[5,6]","{""0"":0.12699945271015167,""1"":0.17143133282661438,""2"":0.15793488919734955,""3"":0.15761932730674744,""4"":0.23608286678791046,""7"":0.1499321311712265}",2,0,0,6,1.0,0.0,2.3177644541899363,0.17166666666666666,0.17733333333333334,2.23017250289917,0.1192,13.12552109733224,complete,7e267c0bf303542b
3,day3_byzantine_majority_f2_kmeans_softmax_seed44,44,8,byzantine_majority,8,2,"[5,6]",kmeans,cluster_size_matches_assumed_f,,softmax,0.1,"[0,1,2,3,4,7]","[5,6]","{""0"":0.15507394075393677,""1"":0.18053095042705536,""2"":0.190929114818573,""3"":0.17837750911712646,""4"":0.17138323187828064,""7"":0.12370530515909195}",2,0,0,6,1.0,0.0,2.2149487972550923,0.19002222222222223,0.21463333333333334,2.022852621078491,0.2353,12.988803498446941,complete,7e267c0bf303542b
3,day3_byzantine_majority_f2_kmeans_softmax_seed44,44,9,byzantine_majority,8,2,"[5,6]",kmeans,cluster_size_matches_assumed_f,,softmax,0.1,"[0,1,2,3,4,7]","[5,6]","{""0"":0.1510365605354309,""1"":0.061653003096580505,""2"":0.16625484824180603,""3"":0.18410788476467133,""4"":0.21476013958454132,""7"":0.2221876084804535}",2,0,0,6,1.0,0.0,2.0873778366300795,0.2300888888888889,0.25146666666666667,2.0430846929550173,0.2416,12.974324172362685,complete,7e267c0bf303542b
3,day3_byzantine_majority_f2_kmeans_softmax_seed44,44,10,byzantine_majority,8,2,"[5,6]",kmeans,cluster_size_matches_assumed_f,,softmax,0.1,"[0,1,2,3,4,7]","[5,6]","{""0"":0.19895431399345398,""1"":0.1743517816066742,""2"":0.1347033679485321,""3"":0.12409843504428864,""4"":0.17365577816963196,""7"":0.19423627853393555}",2,0,0,6,1.0,0.0,1.9740952809916603,0.26966666666666667,0.2895666666666667,1.8029074367523192,0.3287,12.932231595739722,complete,7e267c0bf303542b
3,day3_byzantine_majority_f2_kmeans_softmax_seed44,44,11,byzantine_majority,8,2,"[5,6]",kmeans,cluster_size_matches_assumed_f,,softmax,0.1,"[0,1,2,3,4,7]","[5,6]","{""0"":0.16690905392169952,""1"":0.154694065451622,""2"":0.1775849610567093,""3"":0.15813498198986053,""4"":0.21952129900455475,""7"":0.12315567582845688}",2,0,0,6,1.0,0.0,1.9185272489415275,0.29746666666666666,0.30956666666666666,1.771794056892395,0.3483,12.646180314943194,complete,7e267c0bf303542b
3,day3_byzantine_majority_f2_kmeans_softmax_seed44,44,12,byzantine_majority,8,2,"[5,6]",kmeans,cluster_size_matches_assumed_f,,softmax,0.1,"[0,1,2,3,4,7]","[5,6]","{""0"":0.17869369685649872,""1"":0.16963908076286316,""2"":0.15534883737564087,""3"":0.18266849219799042,""4"":0.1483646035194397,""7"":0.16528531908988953}",2,0,0,6,1.0,0.0,1.8442910975456237,0.3208,0.33136666666666664,1.7103007062911988,0.3692,12.90469415858388,complete,7e267c0bf303542b
3,day3_byzantine_majority_f2_kmeans_softmax_seed44,44,13,byzantine_majority,8,2,"[5,6]",kmeans,cluster_size_matches_assumed_f,,softmax,0.1,"[0,1,2,3,4,7]","[5,6]","{""0"":0.1567085087299347,""1"":0.20487233996391296,""2"":0.1894996613264084,""3"":0.15639539062976837,""4"":0.14699330925941467,""7"":0.14553073048591614}",2,0,0,6,1.0,0.0,1.824916089606285,0.33028888888888885,0.34909999999999997,1.6592547317504882,0.389,12.984404796734452,complete,7e267c0bf303542b
3,day3_byzantine_majority_f2_kmeans_softmax_seed44,44,14,byzantine_majority,8,2,"[5,6]",kmeans,cluster_size_matches_assumed_f,,softmax,0.1,"[0,1,2,3,4,7]","[5,6]","{""0"":0.15750578045845032,""1"":0.1758202761411667,""2"":0.1962643414735794,""3"":0.1723387986421585,""4"":0.15469607710838318,""7"":0.14337478578090668}",2,0,0,6,1.0,0.0,1.7672384865628348,0.3488,0.36413333333333336,1.6483168462753295,0.3954,13.230521138757467,complete,7e267c0bf303542b
3,day3_byzantine_majority_f2_kmeans_softmax_seed44,44,15,byzantine_majority,8,2,"[5,6]",kmeans,cluster_size_matches_assumed_f,,softmax,0.1,"[0,1,2,3,4,7]","[5,6]","{""0"":0.14562727510929108,""1"":0.20175430178642273,""2"":0.1733045130968094,""3"":0.18073835968971252,""4"":0.18402110040187836,""7"":0.11455446481704712}",2,0,0,6,1.0,0.0,1.741890595708953,0.35373333333333334,0.3690333333333333,1.6086769170761108,0.408,13.021154720336199,complete,7e267c0bf303542b
3,day3_byzantine_majority_f2_kmeans_softmax_seed44,44,16,byzantine_majority,8,2,"[5,6]",kmeans,cluster_size_matches_assumed_f,,softmax,0.1,"[0,1,2,3,4,7]","[5,6]","{""0"":0.1579398661851883,""1"":0.16770631074905396,""2"":0.17420174181461334,""3"":0.1653747856616974,""4"":0.17525015771389008,""7"":0.15952718257904053}",2,0,0,6,1.0,0.0,1.7059884476370282,0.3695111111111111,0.37729999999999997,1.5964351955413818,0.4169,12.824518222361803,complete,7e267c0bf303542b
3,day3_byzantine_majority_f2_kmeans_softmax_seed44,44,17,byzantine_majority,8,2,"[5,6]",kmeans,cluster_size_matches_assumed_f,,softmax,0.1,"[0,1,2,3,4,7]","[5,6]","{""0"":0.16270186007022858,""1"":0.16665391623973846,""2"":0.16140542924404144,""3"":0.1755492389202118,""4"":0.16968083381652832,""7"":0.16400867700576782}",2,0,0,6,1.0,0.0,1.6731540460930932,0.38068888888888885,0.38996666666666663,1.5615351289749146,0.4361,12.812103381380439,complete,7e267c0bf303542b
3,day3_byzantine_majority_f2_kmeans_softmax_seed44,44,18,byzantine_majority,8,2,"[5,6]",kmeans,cluster_size_matches_assumed_f,,softmax,0.1,"[0,1,2,3,4,7]","[5,6]","{""0"":0.1531897485256195,""1"":0.1744568645954132,""2"":0.1863594651222229,""3"":0.13944602012634277,""4"":0.18710635602474213,""7"":0.1594415307044983}",2,0,0,6,1.0,0.0,1.645693173347579,0.39368888888888887,0.4066666666666667,1.5249105627059936,0.4466,13.305783225223422,complete,7e267c0bf303542b
3,day3_byzantine_majority_f2_kmeans_softmax_seed44,44,19,byzantine_majority,8,2,"[5,6]",kmeans,cluster_size_matches_assumed_f,,softmax,0.1,"[0,1,2,3,4,7]","[5,6]","{""0"":0.1847418248653412,""1"":0.17573189735412598,""2"":0.17573189735412598,""3"":0.1862257421016693,""4"":0.12811897695064545,""7"":0.14944963157176971}",2,0,0,6,1.0,0.0,1.6275485582563611,0.40215555555555554,0.4060333333333333,1.4962818649291991,0.4551,13.397757790982723,complete,7e267c0bf303542b
3,day3_byzantine_majority_f2_kmeans_softmax_seed44,44,20,byzantine_majority,8,2,"[5,6]",kmeans,cluster_size_matches_assumed_f,,softmax,0.1,"[0,1,2,3,4,7]","[5,6]","{""0"":0.15551915764808655,""1"":0.17817550897598267,""2"":0.16121989488601685,""3"":0.15676836669445038,""4"":0.16025544703006744,""7"":0.18806158006191254}",2,0,0,6,1.0,0.0,1.6019499502473407,0.4082,0.4108666666666667,1.506142949295044,0.4649,12.954732906073332,complete,7e267c0bf303542b
3,day3_byzantine_majority_f2_kmeans_softmax_seed44,44,21,byzantine_majority,8,2,"[5,6]",kmeans,cluster_size_matches_assumed_f,,softmax,0.1,"[0,1,2,3,4,7]","[5,6]","{""0"":0.11342598497867584,""1"":0.1866341233253479,""2"":0.1476951539516449,""3"":0.18075646460056305,""4"":0.16063754260540009,""7"":0.21085071563720703}",2,0,0,6,1.0,0.0,1.5904691211038167,0.4152,0.4194,1.45146999168396,0.4711,13.314946165308356,complete,7e267c0bf303542b
3,day3_byzantine_majority_f2_kmeans_softmax_seed44,44,22,byzantine_majority,8,2,"[5,6]",kmeans,cluster_size_matches_assumed_f,,softmax,0.1,"[0,1,2,3,4,7]","[5,6]","{""0"":0.16037587821483612,""1"":0.17547918856143951,""2"":0.18484552204608917,""3"":0.15133868157863617,""4"":0.1790241003036499,""7"":0.14893655478954315}",2,0,0,6,1.0,0.0,1.5576462734301886,0.4303111111111111,0.4351,1.4301030525207519,0.488,13.15673778578639,complete,7e267c0bf303542b
3,day3_byzantine_majority_f2_kmeans_softmax_seed44,44,23,byzantine_majority,8,2,"[5,6]",kmeans,cluster_size_matches_assumed_f,,softmax,0.1,"[0,1,2,3,4,7]","[5,6]","{""0"":0.1678827852010727,""1"":0.17790792882442474,""2"":0.1719607412815094,""3"":0.15039518475532532,""4"":0.1981978863477707,""7"":0.13365553319454193}",2,0,0,6,1.0,0.0,1.5494618946446312,0.4298666666666667,0.4289,1.4311239849090576,0.4855,12.974674832075834,complete,7e267c0bf303542b
3,day3_byzantine_majority_f2_kmeans_softmax_seed44,44,24,byzantine_majority,8,2,"[5,6]",kmeans,cluster_size_matches_assumed_f,,softmax,0.1,"[0,1,2,3,4,7]","[5,6]","{""0"":0.18028689920902252,""1"":0.1872696578502655,""2"":0.17252632975578308,""3"":0.19413414597511292,""4"":0.1245303675532341,""7"":0.1412525624036789}",2,0,0,6,1.0,0.0,1.5321071587483088,0.43877777777777777,0.4339,1.421331168937683,0.4813,12.92086337134242,complete,7e267c0bf303542b
3,day3_byzantine_majority_f2_kmeans_softmax_seed44,44,25,byzantine_majority,8,2,"[5,6]",kmeans,cluster_size_matches_assumed_f,,softmax,0.1,"[0,1,2,3,4,7]","[5,6]","{""0"":0.17910973727703094,""1"":0.19018526375293732,""2"":0.16935522854328156,""3"":0.14576545357704163,""4"":0.19953685998916626,""7"":0.11604739725589752}",2,0,0,6,1.0,0.0,1.511081650296847,0.4445777777777778,0.438,1.391230857849121,0.5025,12.979754457250237,complete,7e267c0bf303542b
3,day3_byzantine_majority_f2_kmeans_softmax_seed44,44,26,byzantine_majority,8,2,"[5,6]",kmeans,cluster_size_matches_assumed_f,,softmax,0.1,"[0,1,2,3,4,7]","[5,6]","{""0"":0.1857435405254364,""1"":0.15859708189964294,""2"":0.14906272292137146,""3"":0.17810390889644623,""4"":0.1640820950269699,""7"":0.16441063582897186}",2,0,0,6,1.0,0.0,1.4959462989754146,0.4515777777777778,0.4497,1.3672800867080688,0.5111,13.258240219205618,complete,7e267c0bf303542b
3,day3_byzantine_majority_f2_kmeans_softmax_seed44,44,27,byzantine_majority,8,2,"[5,6]",kmeans,cluster_size_matches_assumed_f,,softmax,0.1,"[0,1,2,3,4,7]","[5,6]","{""0"":0.1502540409564972,""1"":0.14995387196540833,""2"":0.188731849193573,""3"":0.1687346249818802,""4"":0.16705572605133057,""7"":0.1752699315547943}",2,0,0,6,1.0,0.0,1.4744079430182775,0.4623555555555556,0.4492333333333333,1.3622257736206054,0.5051,13.350554483011365,complete,7e267c0bf303542b
3,day3_byzantine_majority_f2_kmeans_softmax_seed44,44,28,byzantine_majority,8,2,"[5,6]",kmeans,cluster_size_matches_assumed_f,,softmax,0.1,"[0,1,2,3,4,7]","[5,6]","{""0"":0.0930081382393837,""1"":0.19967415928840637,""2"":0.19107894599437714,""3"":0.13067151606082916,""4"":0.18469147384166718,""7"":0.20087581872940063}",2,0,0,6,1.0,0.0,1.472372376977073,0.46384444444444445,0.4426666666666667,1.3498098546981812,0.5161,13.142669662833214,complete,7e267c0bf303542b
3,day3_byzantine_majority_f2_kmeans_softmax_seed44,44,29,byzantine_majority,8,2,"[5,6]",kmeans,cluster_size_matches_assumed_f,,softmax,0.1,"[0,1,2,3,4,7]","[5,6]","{""0"":0.1639731377363205,""1"":0.15880905091762543,""2"":0.19280952215194702,""3"":0.15597611665725708,""4"":0.16930514574050903,""7"":0.15912704169750214}",2,0,0,6,1.0,0.0,1.4537086329831017,0.4687777777777778,0.4731666666666667,1.3294506952285767,0.5202,13.14823942258954,complete,7e267c0bf303542b
3,day3_byzantine_majority_f2_kmeans_softmax_seed44,44,30,byzantine_majority,8,2,"[5,6]",kmeans,cluster_size_matches_assumed_f,,softmax,0.1,"[0,1,2,3,4,7]","[5,6]","{""0"":0.08150935918092728,""1"":0.1701563447713852,""2"":0.14941349625587463,""3"":0.1739412397146225,""4"":0.22649376094341278,""7"":0.19848579168319702}",2,0,0,6,1.0,0.0,1.4449301661411922,0.47315555555555555,0.4426666666666667,1.3312565027236938,0.5216,13.165570735931396,complete,7e267c0bf303542b
3,day3_byzantine_majority_f2_kmeans_softmax_seed44,44,31,byzantine_majority,8,2,"[5,6]",kmeans,cluster_size_matches_assumed_f,,softmax,0.1,"[0,1,2,3,4,7]","[5,6]","{""0"":0.18689022958278656,""1"":0.16944380104541779,""2"":0.1846609264612198,""3"":0.11564456671476364,""4"":0.17425525188446045,""7"":0.16910529136657715}",2,0,0,6,1.0,0.0,1.4329859392934376,0.47904444444444444,0.4563333333333333,1.3137666051864625,0.5244,13.356697734445333,complete,7e267c0bf303542b
3,day3_byzantine_majority_f2_kmeans_softmax_seed44,44,32,byzantine_majority,8,2,"[5,6]",kmeans,cluster_size_matches_assumed_f,,softmax,0.1,"[0,1,2,3,4,7]","[5,6]","{""0"":0.17660614848136902,""1"":0.1686662882566452,""2"":0.16466645896434784,""3"":0.14692498743534088,""4"":0.17945462465286255,""7"":0.16368141770362854}",2,0,0,6,1.0,0.0,1.413352751323912,0.4859555555555556,0.48160000000000003,1.283834729385376,0.5352,13.001879587769508,complete,7e267c0bf303542b
3,day3_byzantine_majority_f2_kmeans_softmax_seed44,44,33,byzantine_majority,8,2,"[5,6]",kmeans,cluster_size_matches_assumed_f,,softmax,0.1,"[0,1,2,3,4,7]","[5,6]","{""0"":0.16685053706169128,""1"":0.20379166305065155,""2"":0.19540970027446747,""3"":0.138254776597023,""4"":0.18737240135669708,""7"":0.10832091420888901}",2,0,0,6,1.0,0.0,1.3990184446281857,0.4888222222222222,0.4835666666666667,1.2767306293487548,0.5405,13.074914144352078,complete,7e267c0bf303542b
3,day3_byzantine_majority_f2_kmeans_softmax_seed44,44,34,byzantine_majority,8,2,"[5,6]",kmeans,cluster_size_matches_assumed_f,,softmax,0.1,"[0,1,2,3,4,7]","[5,6]","{""0"":0.17028087377548218,""1"":0.17337368428707123,""2"":0.14685553312301636,""3"":0.15687501430511475,""4"":0.19160762429237366,""7"":0.16100725531578064}",2,0,0,6,1.0,0.0,1.3944207951810625,0.494,0.4933,1.2626834676742553,0.5451,13.217423671856523,complete,7e267c0bf303542b
3,day3_byzantine_majority_f2_kmeans_softmax_seed44,44,35,byzantine_majority,8,2,"[5,6]",kmeans,cluster_size_matches_assumed_f,,softmax,0.1,"[0,1,2,3,4,7]","[5,6]","{""0"":0.1410427689552307,""1"":0.19307203590869904,""2"":0.15998229384422302,""3"":0.16223779320716858,""4"":0.16256265342235565,""7"":0.18110251426696777}",2,0,0,6,1.0,0.0,1.3792244818925858,0.5007555555555555,0.4832,1.2589922096252442,0.5452,12.799019223079085,complete,7e267c0bf303542b
3,day3_byzantine_majority_f2_kmeans_softmax_seed44,44,36,byzantine_majority,8,2,"[5,6]",kmeans,cluster_size_matches_assumed_f,,softmax,0.1,"[0,1,2,3,4,7]","[5,6]","{""0"":0.16926583647727966,""1"":0.17165230214595795,""2"":0.1927647590637207,""3"":0.17165230214595795,""4"":0.15042594075202942,""7"":0.1442389190196991}",2,0,0,6,1.0,0.0,1.3662236664427652,0.5048666666666667,0.5018,1.2445278024673463,0.5529,12.699997056275606,complete,7e267c0bf303542b
3,day3_byzantine_majority_f2_kmeans_softmax_seed44,44,37,byzantine_majority,8,2,"[5,6]",kmeans,cluster_size_matches_assumed_f,,softmax,0.1,"[0,1,2,3,4,7]","[5,6]","{""0"":0.1589706391096115,""1"":0.17083865404129028,""2"":0.18067851662635803,""3"":0.1415594518184662,""4"":0.1704973429441452,""7"":0.1774553805589676}",2,0,0,6,1.0,0.0,1.3543687751293183,0.5101777777777777,0.4954,1.2490518405914306,0.5474,12.812030518427491,complete,7e267c0bf303542b
3,day3_byzantine_majority_f2_kmeans_softmax_seed44,44,38,byzantine_majority,8,2,"[5,6]",kmeans,cluster_size_matches_assumed_f,,softmax,0.1,"[0,1,2,3,4,7]","[5,6]","{""0"":0.16405367851257324,""1"":0.1784295290708542,""2"":0.1511380821466446,""3"":0.14903689920902252,""4"":0.18795344233512878,""7"":0.16938839852809906}",2,0,0,6,1.0,0.0,1.3462016614596048,0.5144666666666666,0.5068333333333334,1.2091613388061524,0.5653,12.843655152246356,complete,7e267c0bf303542b
3,day3_byzantine_majority_f2_kmeans_softmax_seed44,44,39,byzantine_majority,8,2,"[5,6]",kmeans,cluster_size_matches_assumed_f,,softmax,0.1,"[0,1,2,3,4,7]","[5,6]","{""0"":0.17623642086982727,""1"":0.16236163675785065,""2"":0.18051721155643463,""3"":0.19167985022068024,""4"":0.14720499515533447,""7"":0.14199982583522797}",2,0,0,6,1.0,0.0,1.3321462795681425,0.5189777777777778,0.49743333333333334,1.2146365749359131,0.5707,13.199600882828236,complete,7e267c0bf303542b
3,day3_byzantine_majority_f2_kmeans_softmax_seed44,44,40,byzantine_majority,8,2,"[5,6]",kmeans,cluster_size_matches_assumed_f,,softmax,0.1,"[0,1,2,3,4,7]","[5,6]","{""0"":0.10667653381824493,""1"":0.183791384100914,""2"":0.15351542830467224,""3"":0.22493276000022888,""4"":0.14544546604156494,""7"":0.18563847243785858}",2,0,0,6,1.0,0.0,1.3194212320221794,0.5220666666666667,0.49796666666666667,1.199163298034668,0.5699,12.93821888975799,complete,7e267c0bf303542b
3,day3_byzantine_majority_f2_kmeans_softmax_seed44,44,41,byzantine_majority,8,2,"[5,6]",kmeans,cluster_size_matches_assumed_f,,softmax,0.1,"[0,1,2,3,4,7]","[5,6]","{""0"":0.11878392100334167,""1"":0.18741144239902496,""2"":0.1786281168460846,""3"":0.16195297241210938,""4"":0.18296699225902557,""7"":0.17025651037693024}",2,0,0,6,1.0,0.0,1.3091719842539893,0.5255777777777778,0.5203666666666666,1.1837631352424622,0.5725,12.761567147448659,complete,7e267c0bf303542b
3,day3_byzantine_majority_f2_kmeans_softmax_seed44,44,42,byzantine_majority,8,2,"[5,6]",kmeans,cluster_size_matches_assumed_f,,softmax,0.1,"[0,1,2,3,4,7]","[5,6]","{""0"":0.1526019275188446,""1"":0.1547534465789795,""2"":0.1765904277563095,""3"":0.1780088096857071,""4"":0.16074717044830322,""7"":0.17729823291301727}",2,0,0,6,1.0,0.0,1.301489587463273,0.5339555555555556,0.5142,1.1727428917884826,0.5801,12.836100466549397,complete,7e267c0bf303542b
3,day3_byzantine_majority_f2_kmeans_softmax_seed44,44,43,byzantine_majority,8,2,"[5,6]",kmeans,cluster_size_matches_assumed_f,,softmax,0.1,"[0,1,2,3,4,7]","[5,6]","{""0"":0.1658029854297638,""1"":0.20251227915287018,""2"":0.17256951332092285,""3"":0.16514107584953308,""4"":0.15183591842651367,""7"":0.1421382874250412}",2,0,0,6,1.0,0.0,1.292664102800687,0.5360444444444444,0.5185,1.1559730650901794,0.5869,12.739104649052024,complete,7e267c0bf303542b
3,day3_byzantine_majority_f2_kmeans_softmax_seed44,44,44,byzantine_majority,8,2,"[5,6]",kmeans,cluster_size_matches_assumed_f,,softmax,0.1,"[0,1,2,3,4,7]","[5,6]","{""0"":0.1746397465467453,""1"":0.1521284580230713,""2"":0.12681446969509125,""3"":0.16712218523025513,""4"":0.2310711145401001,""7"":0.14822402596473694}",2,0,0,6,1.0,0.0,1.2801985213597615,0.5405111111111112,0.5123666666666666,1.1416429852485657,0.5978,12.851206183433533,complete,7e267c0bf303542b
3,day3_byzantine_majority_f2_kmeans_softmax_seed44,44,45,byzantine_majority,8,2,"[5,6]",kmeans,cluster_size_matches_assumed_f,,softmax,0.1,"[0,1,2,3,4,7]","[5,6]","{""0"":0.1604377031326294,""1"":0.1626996248960495,""2"":0.206831693649292,""3"":0.18677519261837006,""4"":0.15979720652103424,""7"":0.12345856428146362}",2,0,0,6,1.0,0.0,1.2654024003505706,0.5437555555555555,0.5201666666666667,1.157384609413147,0.5881,12.747761461883783,complete,7e267c0bf303542b
3,day3_byzantine_majority_f2_kmeans_softmax_seed44,44,46,byzantine_majority,8,2,"[5,6]",kmeans,cluster_size_matches_assumed_f,,softmax,0.1,"[0,1,2,3,4,7]","[5,6]","{""0"":0.15806569159030914,""1"":0.17750714719295502,""2"":0.14620520174503326,""3"":0.15065784752368927,""4"":0.19461260735988617,""7"":0.17295144498348236}",2,0,0,6,1.0,0.0,1.2513887795766194,0.5495333333333333,0.5446,1.1220460757255555,0.6055,12.755566069856286,complete,7e267c0bf303542b
3,day3_byzantine_majority_f2_kmeans_softmax_seed44,44,47,byzantine_majority,8,2,"[5,6]",kmeans,cluster_size_matches_assumed_f,,softmax,0.1,"[0,1,2,3,4,7]","[5,6]","{""0"":0.15141861140727997,""1"":0.17487093806266785,""2"":0.16142624616622925,""3"":0.15791359543800354,""4"":0.196772500872612,""7"":0.1575981080532074}",2,0,0,6,1.0,0.0,1.2400903718762928,0.5569111111111111,0.5304,1.14904619140625,0.6096,12.788193874061108,complete,7e267c0bf303542b
3,day3_byzantine_majority_f2_kmeans_softmax_seed44,44,48,byzantine_majority,8,2,"[5,6]",kmeans,cluster_size_matches_assumed_f,,softmax,0.1,"[0,1,2,3,4,7]","[5,6]","{""0"":0.20761039853096008,""1"":0.14169301092624664,""2"":0.18303242325782776,""3"":0.12392331659793854,""4"":0.2178187072277069,""7"":0.1259220838546753}",2,0,0,6,1.0,0.0,1.2210219771491158,0.5631777777777778,0.5402,1.1007100955963134,0.6123,12.834143370389938,complete,7e267c0bf303542b
3,day3_byzantine_majority_f2_kmeans_softmax_seed44,44,49,byzantine_majority,8,2,"[5,6]",kmeans,cluster_size_matches_assumed_f,,softmax,0.1,"[0,1,2,3,4,7]","[5,6]","{""0"":0.17252780497074127,""1"":0.15990160405635834,""2"":0.16345840692520142,""3"":0.1586274355649948,""4"":0.16118595004081726,""7"":0.1842988133430481}",2,0,0,6,1.0,0.0,1.2155135285456975,0.5643333333333334,0.536,1.0979473501205443,0.6209,12.777637904509902,complete,7e267c0bf303542b
3,day3_byzantine_majority_f2_kmeans_softmax_seed44,44,50,byzantine_majority,8,2,"[5,6]",kmeans,cluster_size_matches_assumed_f,,softmax,0.1,"[0,1,2,3,4,7]","[5,6]","{""0"":0.1541733294725418,""1"":0.19521021842956543,""2"":0.1496167927980423,""3"":0.18128632009029388,""4"":0.16305330395698547,""7"":0.15665997564792633}",2,0,0,6,1.0,0.0,1.2063635275708304,0.5702,0.5461333333333334,1.0777643116950988,0.6201,13.046186497434974,complete,7e267c0bf303542b
