day,seed,configuration,epoch,detector,detector_mapping_rule,aggregation,commit_reveal,accepted_count,mean_worker_train_loss,mean_worker_train_acc,mean_worker_validation_acc,training_ms,validation_ms,commit_reveal_ms,detector_ms,aggregation_ms,sync_ms,total_ms,model_parameter_count,config_hash
4,43,tdml_reconstruction,1,kmeans,larger_projected_center_norm,topk,False,7,14.881021878507402,0.10257777777777778,0.10817500000000001,8764.213740825653,3756.824515759945,0.0,1053.8363046944141,66.67416915297508,44.216251000761986,13685.844611376524,23528522,7e267c0bf303542b
4,43,tdml_reconstruction,2,kmeans,larger_projected_center_norm,topk,False,7,7.108498366477755,0.10582222222222222,0.112125,9011.486612260342,3839.0309251844883,0.0,22.328633815050125,66.11738912761211,43.39131340384483,12982.43635520339,23528522,7e267c0bf303542b
4,43,tdml_reconstruction,3,kmeans,larger_projected_center_norm,topk,False,7,3.315612202299966,0.12404444444444444,0.1284,8902.486592531204,3800.967639312148,0.0,22.12463691830635,64.79243189096451,43.04971545934677,12833.500798791647,23528522,7e267c0bf303542b
4,43,tdml_reconstruction,4,kmeans,larger_projected_center_norm,topk,False,7,2.7851190424283345,0.16577777777777777,0.1658,8883.10700841248,3870.0123000890017,0.0,24.85460229218006,66.34418852627277,42.413221672177315,12886.838739737868,23528522,7e267c0bf303542b
4,43,tdml_reconstruction,5,kmeans,larger_projected_center_norm,topk,False,7,2.5233253453996447,0.18104444444444445,0.18282500000000002,9077.995793893933,3803.490621969104,0.0,24.356728419661522,67.84594804048538,44.67537999153137,13018.448039889336,23528522,7e267c0bf303542b
4,43,ours_without_commit_reveal,1,krum,one_shot_highest_krum_scores,softmax,False,6,14.881021878507402,0.10257777777777778,0.10817500000000001,9473.906291648746,3882.558338344097,0.0,513.5012716054916,212.29160949587822,41.1300677806139,14123.482145369053,23528522,7e267c0bf303542b
4,43,ours_without_commit_reveal,2,krum,one_shot_highest_krum_scores,softmax,False,6,6.754167412763172,0.10913333333333333,0.11549999999999999,9775.549726560712,3963.0749877542257,0.0,31.07515349984169,103.5755816847086,53.76855283975601,13927.133850753307,23528522,7e267c0bf303542b
4,43,ours_without_commit_reveal,3,krum,one_shot_highest_krum_scores,softmax,False,6,3.489823793692059,0.11637777777777777,0.11929999999999999,9307.263020426035,3859.394060447812,0.0,25.8046668022871,86.48145943880081,43.32067631185055,13322.347685694695,23528522,7e267c0bf303542b
4,43,ours_without_commit_reveal,4,krum,one_shot_highest_krum_scores,softmax,False,6,2.820065567806032,0.12146666666666667,0.1266,9470.133120194077,3879.278339445591,0.0,26.89835987985134,85.72081662714481,44.60601508617401,13506.716264411807,23528522,7e267c0bf303542b
4,43,ours_without_commit_reveal,5,krum,one_shot_highest_krum_scores,softmax,False,6,2.52000464987225,0.16464444444444445,0.1809,9291.627319529653,3922.630175948143,0.0,27.370266616344452,87.53425255417824,43.821195140480995,13373.067313805223,23528522,7e267c0bf303542b
4,43,ours_with_commit_reveal,1,krum,one_shot_highest_krum_scores,softmax,True,6,14.881021878507402,0.10257777777777778,0.10817500000000001,9268.755363300443,4637.047942727804,4132.2356052696705,25.313949212431908,86.6452045738697,44.394221156835556,18194.468956440687,23528522,7e267c0bf303542b
4,43,ours_with_commit_reveal,2,krum,one_shot_highest_krum_scores,softmax,True,6,6.754167412763172,0.10913333333333333,0.11549999999999999,9356.178246438503,3965.465186163783,4025.6775245070457,23.898672312498093,85.75669303536415,43.49079169332981,17500.54321065545,23528522,7e267c0bf303542b
4,43,ours_with_commit_reveal,3,krum,one_shot_highest_krum_scores,softmax,True,6,3.489823793692059,0.11637777777777777,0.11929999999999999,9271.344855427742,4011.732757091522,4023.308774456382,23.947658017277718,86.61065995693207,43.090103194117546,17460.112515836954,23528522,7e267c0bf303542b
4,43,ours_with_commit_reveal,4,krum,one_shot_highest_krum_scores,softmax,True,6,2.820065567806032,0.12146666666666667,0.1266,9599.218547344208,3945.7792099565268,4014.647798612714,23.68742972612381,86.00680902600288,43.42096298933029,17712.843475863338,23528522,7e267c0bf303542b
4,43,ours_with_commit_reveal,5,krum,one_shot_highest_krum_scores,softmax,True,6,2.52000464987225,0.16464444444444445,0.1809,9776.279628276825,3989.8091722279787,4081.2810752540827,28.965596109628677,106.14191554486752,54.50659058988094,18037.074161693454,23528522,7e267c0bf303542b
