day,seed,epoch,shards,train_loss,train_acc,validation_loss,validation_acc,test_loss_reporting_only,test_acc_reporting_only,learning_rate,epoch_time_sec,samples_per_second,best_validation_epoch_so_far,config_hash
5,42,1,2,4.617234400177002,0.14255555555555555,2.079928844451904,0.199,2.0766710289001464,0.195,0.1,33.2002695070114,1355.410683955342,1,7e267c0bf303542b
5,42,2,2,2.02456286277771,0.231,1.8631890720367432,0.295,1.852722188949585,0.2981,0.1,8.212994403904304,5479.122204029244,2,7e267c0bf303542b
5,42,3,2,1.8103476511849297,0.3201555555555556,1.6780793449401856,0.372,1.6735167610168458,0.3743,0.1,8.143159887054935,5526.1103335986145,3,7e267c0bf303542b
5,42,4,2,1.6628035919189452,0.38566666666666666,1.584409860420227,0.4158,1.5723089529037475,0.4329,0.1,8.002494578948244,5623.246545943212,4,7e267c0bf303542b
5,42,5,2,1.5592371852450901,0.4283777777777778,1.4508739910125732,0.465,1.446283900642395,0.469,0.1,8.05718706920743,5585.07573592015,5,7e267c0bf303542b
5,42,6,2,1.4871741773393419,0.45497777777777776,1.4473983282089233,0.4682,1.4442491216659545,0.4724,0.1,7.994279982987791,5629.024764677012,6,7e267c0bf303542b
5,42,7,2,1.420741853374905,0.48413333333333336,1.3195339099884034,0.5136,1.3079963863372803,0.5196,0.1,8.025721634039655,5606.972438358763,7,7e267c0bf303542b
5,42,8,2,1.3490842574861315,0.5130222222222223,1.277765619945526,0.5366,1.2805575216293335,0.543,0.1,8.028906904160976,5604.74801080067,8,7e267c0bf303542b
5,42,9,2,1.2973517156389025,0.5349555555555555,1.2879407564163208,0.5284,1.3066714707374574,0.5319,0.1,8.079458371037617,5569.6802846724495,8,7e267c0bf303542b
5,42,10,2,1.2436947957144844,0.5556666666666666,1.613232433128357,0.5338,1.6791093414306641,0.5273,0.1,7.9563932151068,5655.82906517975,8,7e267c0bf303542b
5,42,11,2,1.1934096636242337,0.5768444444444445,1.185526863670349,0.5768,1.2155801095962524,0.5612,0.1,8.164628692902625,5511.579484210684,11,7e267c0bf303542b
5,42,12,2,1.159061286269294,0.5890666666666666,1.8622645392417907,0.5602,1.8474202127456665,0.571,0.1,8.063367219874635,5580.79506649328,11,7e267c0bf303542b
5,42,13,2,1.097083908589681,0.6124888888888889,1.070154697227478,0.6272,1.0915200776100158,0.6216,0.1,7.909914019051939,5689.063103797628,13,7e267c0bf303542b
5,42,14,2,1.036399935277303,0.6351333333333333,1.2235360958099366,0.6016,1.2525812108039855,0.5904,0.1,7.971385806100443,5645.191575793739,13,7e267c0bf303542b
5,42,15,2,0.9879122396045261,0.6562888888888889,0.9492255687713623,0.6692,0.9789388162612915,0.6608,0.1,7.935580167919397,5670.6628939265565,15,7e267c0bf303542b
5,42,16,2,0.9469590197669135,0.6710444444444444,0.9510414453506469,0.6674,0.9852325107574463,0.6634,0.1,8.145762267988175,5524.34487031918,15,7e267c0bf303542b
5,42,17,2,0.9160315145068698,0.6829333333333333,0.8913341174125672,0.6944,0.9117874389648437,0.69,0.1,7.922724014846608,5679.864641968252,17,7e267c0bf303542b
5,42,18,2,0.8933310599009195,0.6902444444444444,0.871513790512085,0.6912,0.8904594967842102,0.694,0.1,8.063475229078904,5580.720312467603,17,7e267c0bf303542b
5,42,19,2,0.8723224226527744,0.6978222222222222,0.9533786009788513,0.6706,0.9576878580093384,0.6672,0.1,7.981747190002352,5637.863356078901,17,7e267c0bf303542b
5,42,20,2,0.8554670207341512,0.7045111111111111,0.903101326751709,0.6962,0.8887923612594605,0.701,0.1,8.004999606171623,5621.486847457969,20,7e267c0bf303542b
5,42,21,2,0.8370761907259623,0.7104666666666667,0.8943151585578919,0.7022,0.8884532982826233,0.7056,0.1,8.097971514100209,5556.9471838281825,21,7e267c0bf303542b
5,42,22,2,0.8196394989755419,0.7162666666666667,0.8973971817970275,0.6842,0.9197246989250183,0.6899,0.1,7.937150395940989,5669.541051283686,21,7e267c0bf303542b
5,42,23,2,0.8125788845909966,0.7206444444444444,0.8008516892433166,0.7198,0.8016557624816895,0.7274,0.1,7.975671265041456,5642.158321800654,23,7e267c0bf303542b
5,42,24,2,0.8017239635149638,0.7242222222222222,0.8370176401138306,0.718,0.8420073056221008,0.714,0.1,8.014223629841581,5615.016760006424,23,7e267c0bf303542b
5,42,25,2,0.7894870547400581,0.7284444444444444,0.9189106214523315,0.7,0.9402038688182831,0.6951,0.1,7.98742446815595,5633.856092086353,23,7e267c0bf303542b
5,42,26,2,0.7775100241449144,0.7338,0.9259520998001098,0.6852,0.9105518350601196,0.6941,0.1,8.015017536934465,5614.460578861232,23,7e267c0bf303542b
5,42,27,2,0.77300270491706,0.7360444444444444,0.9331821043014527,0.6826,0.9582032172203064,0.6737,0.1,7.986263789003715,5634.674885390148,23,7e267c0bf303542b
5,42,28,2,0.7681400570021736,0.7374888888888889,0.9139431058883667,0.6812,0.9241556191444397,0.6849,0.1,7.968067936832085,5647.542209321439,23,7e267c0bf303542b
5,42,29,2,0.7579165997187296,0.7423777777777778,0.8597981042861939,0.7086,0.8751739900112152,0.7033,0.1,7.919448043918237,5682.21418341874,23,7e267c0bf303542b
5,42,30,2,0.7539820395787556,0.7415555555555555,0.9036102750778198,0.6936,0.914557217168808,0.6968,0.1,7.948911623097956,5661.152385848517,23,7e267c0bf303542b
5,42,31,2,0.7464734036975437,0.7440444444444444,1.001602746963501,0.6684,0.9844050916671753,0.6772,0.1,7.959188190987334,5653.842944806381,23,7e267c0bf303542b
5,42,32,2,0.7463855261908637,0.7447333333333334,0.7470387084007263,0.7424,0.7696207834720612,0.7348,0.1,7.91422088094987,5685.96715670628,32,7e267c0bf303542b
5,42,33,2,0.7400383463223775,0.7483333333333333,0.912095688533783,0.7,0.9266894002914429,0.6926,0.1,8.012483195168898,5616.236428069217,32,7e267c0bf303542b
5,42,34,2,0.7362151851230198,0.7476444444444444,0.9013522771835327,0.695,0.9023491011619568,0.6989,0.1,7.929774613818154,5674.814505015634,32,7e267c0bf303542b
5,42,35,2,0.7229001928541395,0.7534444444444445,0.7350604260444641,0.7502,0.7356595258235932,0.7485,0.1,7.953981360886246,5657.544059794732,35,7e267c0bf303542b
5,42,36,2,0.7234279159969754,0.7536666666666667,0.8972543338775635,0.6888,0.8847435606956482,0.699,0.1,8.003522650105879,5622.524226804642,35,7e267c0bf303542b
5,42,37,2,0.7212515937169393,0.7541111111111111,0.7793779858589173,0.7378,0.7825436601638794,0.736,0.1,7.911157567054033,5688.16884489853,35,7e267c0bf303542b
5,42,38,2,0.7149886662483216,0.7552222222222222,0.8546653209686279,0.7176,0.8635874671936035,0.7106,0.1,7.917885449947789,5683.33556786891,35,7e267c0bf303542b
5,42,39,2,0.7167908219337463,0.7528,0.8439257110595703,0.7238,0.8590874367713929,0.7216,0.1,7.923887297976762,5679.030797357508,35,7e267c0bf303542b
5,42,40,2,0.7113755996280247,0.7576,0.7654408197402954,0.7278,0.7827856910228729,0.7313,0.1,7.960414276225492,5652.972124126332,35,7e267c0bf303542b
5,42,41,2,0.7042486761305067,0.7601777777777777,0.8904397010326386,0.7036,0.8806641424179077,0.7097,0.1,8.076635439880192,5571.626989352824,35,7e267c0bf303542b
5,42,42,2,0.7091817529042562,0.7592444444444445,0.7332568881988525,0.7484,0.7441762672424317,0.7473,0.1,7.835806196788326,5742.867915549547,35,7e267c0bf303542b
5,42,43,2,0.7017532457139757,0.7602444444444444,0.8185566850662231,0.7276,0.8344121069908143,0.7251,0.1,7.966960369842127,5648.327330752333,35,7e267c0bf303542b
5,42,44,2,0.6965366426150004,0.7633777777777778,0.7932140714645386,0.7326,0.8314589616775513,0.7177,0.1,7.912315912079066,5687.336109937457,35,7e267c0bf303542b
5,42,45,2,0.7023396507687039,0.7618444444444444,0.8604855016708374,0.714,0.8792822180747986,0.7109,0.1,7.94254714413546,5665.688749890098,35,7e267c0bf303542b
5,42,46,2,0.6973930472267998,0.7636666666666667,0.7630310092926026,0.737,0.77259534740448,0.7364,0.1,7.95160984992981,5659.231381982005,35,7e267c0bf303542b
5,42,47,2,0.6923902697457207,0.7633555555555556,0.7112088322639465,0.759,0.7231024300575256,0.7561,0.1,7.9618485500104725,5651.953778992795,47,7e267c0bf303542b
5,42,48,2,0.6978316737174988,0.7616,0.9343523163795471,0.6872,0.9145712244987487,0.69,0.1,8.033276702975854,5601.699239779723,47,7e267c0bf303542b
5,42,49,2,0.6932501134872436,0.7636444444444445,0.7275478528022766,0.7514,0.7147087081909179,0.7542,0.1,7.912339108996093,5687.319436149589,47,7e267c0bf303542b
5,42,50,2,0.6935401538848877,0.7625555555555555,0.8265611454963684,0.7258,0.8043249537467957,0.7334,0.1,7.91087849996984,5688.3695028525035,47,7e267c0bf303542b
5,42,51,2,0.6821184505250719,0.7678888888888888,0.8461034924507141,0.7186,0.8498658519268036,0.7126,0.1,8.026428801007569,5606.478437128986,47,7e267c0bf303542b
5,42,52,2,0.6859687380154927,0.7681555555555556,0.6887058051109314,0.761,0.680749419784546,0.7657,0.1,7.958842760883272,5654.088333189523,52,7e267c0bf303542b
5,42,53,2,0.6843266139030456,0.7671111111111111,0.81511259598732,0.7264,0.8087968339920044,0.7296,0.1,8.031754027120769,5602.761221029529,52,7e267c0bf303542b
5,42,54,2,0.682897444873386,0.7670888888888889,0.7518956060409546,0.7562,0.7494477772712708,0.7521,0.1,7.941760380053893,5666.2500310409305,52,7e267c0bf303542b
5,42,55,2,0.6784083116637336,0.7694222222222222,0.8638227900505066,0.711,0.852504020690918,0.7193,0.1,7.9184091470669955,5682.959691047052,52,7e267c0bf303542b
5,42,56,2,0.6775457582791646,0.7704,0.7974636610984802,0.7226,0.8107071285247802,0.7251,0.1,8.084223432932049,5566.397363126695,52,7e267c0bf303542b
5,42,57,2,0.6755225923114353,0.7697111111111111,0.7845814858436585,0.7336,0.7758715171813965,0.7344,0.1,8.162996900966391,5512.681254928884,52,7e267c0bf303542b
5,42,58,2,0.6739416630533006,0.7691111111111111,0.7854583611965179,0.7348,0.7794078967094421,0.7347,0.1,8.289766262983903,5428.3798327266995,52,7e267c0bf303542b
5,42,59,2,0.6775322254922654,0.7663333333333333,0.8573450549125672,0.7116,0.8664981337547302,0.7076,0.1,7.928515163017437,5675.71595371382,52,7e267c0bf303542b
5,42,60,2,0.6718558261871338,0.7707111111111111,0.7454781288146972,0.7394,0.7503270997047424,0.742,0.1,7.944570957915857,5664.245462514579,52,7e267c0bf303542b
5,42,61,2,0.6710150129000346,0.7712888888888889,0.7602133649826049,0.7384,0.7505670479774476,0.7442,0.1,8.100710592931136,5555.068223183781,52,7e267c0bf303542b
5,42,62,2,0.6588533809661865,0.7769555555555555,0.7567601276397705,0.7474,0.7610767866134643,0.7466,0.1,8.089551124023274,5562.731393879814,52,7e267c0bf303542b
5,42,63,2,0.6718674266497294,0.7712888888888889,0.7564669976234436,0.7422,0.7521198179244996,0.744,0.1,7.9188439038116485,5682.647687794394,52,7e267c0bf303542b
5,42,64,2,0.6673871760474311,0.7725777777777778,0.8025170547485352,0.7288,0.8230312167167664,0.7279,0.1,7.949476324021816,5660.750238857684,52,7e267c0bf303542b
5,42,65,2,0.6667268954383002,0.7707555555555555,0.8381834046125411,0.7268,0.8375818264007568,0.7273,0.1,7.984600713010877,5635.848506071527,52,7e267c0bf303542b
5,42,66,2,0.6711303649160597,0.7715333333333333,0.6999873684883118,0.7624,0.7232449097633362,0.7592,0.1,8.005166660994291,5621.369536160378,66,7e267c0bf303542b
5,42,67,2,0.6597417082044813,0.7774666666666666,0.7081400632858277,0.7658,0.7415391723632813,0.7493,0.1,7.94477431778796,5664.100476617342,67,7e267c0bf303542b
5,42,68,2,0.6633379328515795,0.7742444444444444,0.9913709093093872,0.6856,0.9565137231826782,0.6935,0.1,7.994740393944085,5628.700593466041,67,7e267c0bf303542b
5,42,69,2,0.657937128077613,0.7742222222222223,0.7161464303016662,0.766,0.7087927955150605,0.7671,0.1,7.950255447998643,5660.195486086937,69,7e267c0bf303542b
5,42,70,2,0.6565615467389425,0.7779111111111111,0.7320430519104004,0.7464,0.7373625704288482,0.7497,0.1,8.049420373979956,5590.464643325641,69,7e267c0bf303542b
5,42,71,2,0.6674461614714728,0.7724666666666666,0.7853593463897706,0.736,0.7729243039608001,0.7437,0.1,8.082474924158305,5567.601560444831,69,7e267c0bf303542b
5,42,72,2,0.6547672015190125,0.7777333333333334,0.7980585403442383,0.7368,0.8237054837226868,0.7277,0.1,7.940775515977293,5666.952794403699,69,7e267c0bf303542b
5,42,73,2,0.6560658349672953,0.7781777777777777,0.6994343912124634,0.7654,0.7068979163169861,0.7606,0.1,7.997199714183807,5626.969640409023,69,7e267c0bf303542b
5,42,74,2,0.6556497969415452,0.7787111111111111,0.9236413873672485,0.6942,0.9113073117256164,0.699,0.1,7.912601522170007,5687.1308221343215,69,7e267c0bf303542b
5,42,75,2,0.6548758306715223,0.7745777777777778,0.7093810964584351,0.7562,0.7351880459785461,0.7508,0.1,7.937206956092268,5669.50065040951,69,7e267c0bf303542b
5,42,76,2,0.6569318506028917,0.7769777777777778,0.7358333714485168,0.7502,0.7506206531524658,0.7485,0.1,8.090864027151838,5561.828730403345,69,7e267c0bf303542b
5,42,77,2,0.6564871549394395,0.7776888888888889,0.734709922504425,0.7564,0.7235909017562866,0.7607,0.1,7.903527640039101,5693.660103373457,69,7e267c0bf303542b
5,42,78,2,0.6546157814131842,0.7777333333333334,0.708974390411377,0.7636,0.7147484697341919,0.7611,0.1,7.8855172151234,5706.664353442261,69,7e267c0bf303542b
5,42,79,2,0.6531274816724989,0.7778222222222222,0.8402643528938294,0.7318,0.863146570777893,0.7286,0.1,7.886721685063094,5705.792824568273,69,7e267c0bf303542b
5,42,80,2,0.651205754131741,0.7798666666666667,0.7566225522756577,0.744,0.7701045706272125,0.7377,0.1,7.883402285864577,5708.195315706234,69,7e267c0bf303542b
5,42,81,2,0.6559539758576287,0.7774666666666666,0.7486189695358276,0.7414,0.7386285917282105,0.7528,0.1,7.99068511207588,5631.557165479339,69,7e267c0bf303542b
5,42,82,2,0.6505585728009542,0.7790888888888889,0.7651708436012268,0.7338,0.7646627767562866,0.7423,0.1,7.922468739096075,5680.047657106229,69,7e267c0bf303542b
5,42,83,2,0.650032080830468,0.7784666666666666,0.8124337770462036,0.7282,0.8229298160552978,0.7262,0.1,7.966755653964356,5648.472471677658,69,7e267c0bf303542b
5,42,84,2,0.6413840812789069,0.7795555555555556,0.7329945761680603,0.7578,0.7417994037628174,0.7591,0.1,7.9070698779542,5691.109436817431,69,7e267c0bf303542b
5,42,85,2,0.6492388010130988,0.7775333333333333,0.7169301218986511,0.7526,0.7292952383995056,0.7535,0.1,7.93123665289022,5673.768413353491,69,7e267c0bf303542b
5,42,86,2,0.6469094168133206,0.7790444444444444,0.8271024430274964,0.7304,0.8402987982749939,0.7289,0.1,8.057510555023327,5584.851511233263,69,7e267c0bf303542b
5,42,87,2,0.6464645171483357,0.7795333333333333,0.8285539585113525,0.725,0.8267159457206726,0.7214,0.1,7.981606005225331,5637.963082935913,69,7e267c0bf303542b
5,42,88,2,0.6468969845665826,0.7808,0.8027489272117615,0.7316,0.8134204283714295,0.7304,0.1,7.936973214847967,5669.66761533439,69,7e267c0bf303542b
5,42,89,2,0.6559838865915935,0.7779111111111111,0.8109500627517701,0.7368,0.8301179976463318,0.7209,0.1,7.932464933022857,5672.889874705273,69,7e267c0bf303542b
5,42,90,2,0.6468012379540338,0.78,0.7307179744720459,0.7576,0.7544898281097412,0.7495,0.1,7.89220659295097,5701.827425576055,69,7e267c0bf303542b
5,42,91,2,0.6402690603574117,0.7827777777777778,0.8191035004615783,0.7312,0.8081007364749908,0.7356,0.1,8.09738348890096,5557.3507246731315,69,7e267c0bf303542b
5,42,92,2,0.6434099807262421,0.7801333333333333,0.7658208735466003,0.741,0.7710345856666565,0.741,0.1,7.873028615955263,5715.71655522809,69,7e267c0bf303542b
5,42,93,2,0.6409098938412137,0.7822444444444444,0.7520217538833618,0.742,0.7558289371490479,0.7436,0.1,7.8703027199953794,5717.696205721858,69,7e267c0bf303542b
5,42,94,2,0.6478289206504821,0.7808444444444445,0.7783941108703614,0.74,0.790322767829895,0.7379,0.1,7.892426908016205,5701.668260531404,69,7e267c0bf303542b
5,42,95,2,0.6424043242454529,0.7801777777777777,0.7427802057266235,0.7548,0.7356127244949341,0.7581,0.1,7.922565140062943,5679.978542864021,69,7e267c0bf303542b
5,42,96,2,0.644326459619734,0.7802222222222223,0.6768052471160889,0.7664,0.6833408227920532,0.768,0.1,8.025199389085174,5607.33731565637,96,7e267c0bf303542b
5,42,97,2,0.6444047561327616,0.7816222222222222,0.7867678243637085,0.7374,0.7844865345954894,0.7395,0.1,8.42039838200435,5344.16519961475,96,7e267c0bf303542b
5,42,98,2,0.6419627809736463,0.7813111111111111,1.0177673685073854,0.687,1.0048675439834596,0.6925,0.1,8.024455490987748,5607.857137539042,96,7e267c0bf303542b
5,42,99,2,0.6445852197011311,0.7802444444444444,0.7170664212226868,0.756,0.7359186902046203,0.7531,0.1,7.907858191989362,5690.542104761676,96,7e267c0bf303542b
5,42,100,2,0.6391996618906657,0.7843555555555556,0.7912358631134033,0.7354,0.7879336674690247,0.7373,0.1,7.917574573075399,5683.558719235503,96,7e267c0bf303542b
5,42,101,2,0.45427715095414056,0.8467333333333333,0.4280601112365723,0.847,0.4433442500114441,0.8517,0.010000000000000002,8.046476854011416,5592.509717786128,101,7e267c0bf303542b
5,42,102,2,0.3810171379354265,0.8693777777777778,0.42043598232269286,0.8522,0.4338054566383362,0.8531,0.010000000000000002,7.966205572942272,5648.8625090024525,102,7e267c0bf303542b
5,42,103,2,0.3612146521197425,0.8758666666666667,0.3950594039916992,0.8574,0.416648767375946,0.8577,0.010000000000000002,7.954300542129204,5657.317040217646,103,7e267c0bf303542b
5,42,104,2,0.3428728003289964,0.8832888888888889,0.4064577261924744,0.857,0.41775509247779846,0.8583,0.010000000000000002,7.963938603177667,5650.470482286828,103,7e267c0bf303542b
5,42,105,2,0.32818314995765685,0.8881555555555556,0.40081164588928225,0.8616,0.4105095095872879,0.8621,0.010000000000000002,7.944810715038329,5664.074527895521,105,7e267c0bf303542b
5,42,106,2,0.3190802309089237,0.8906444444444445,0.3928666708946228,0.8638,0.40450617423057555,0.8642,0.010000000000000002,8.198817303171381,5488.5965055708175,106,7e267c0bf303542b
5,42,107,2,0.3061161963144938,0.8954666666666666,0.3928626980781555,0.8646,0.40504018120765684,0.866,0.010000000000000002,8.029775358969346,5604.141833150353,107,7e267c0bf303542b
5,42,108,2,0.29810051177872554,0.8973111111111111,0.3872794101715088,0.8638,0.4039556895017624,0.8671,0.010000000000000002,7.952327235136181,5658.720858615345,107,7e267c0bf303542b
5,42,109,2,0.29053644081751506,0.8989111111111111,0.3975635725975037,0.8654,0.4153375222682953,0.8613,0.010000000000000002,7.9195150409359485,5682.166113378804,109,7e267c0bf303542b
5,42,110,2,0.2832849080615574,0.9027111111111111,0.39015198364257814,0.863,0.4110022859573364,0.8651,0.010000000000000002,8.042973339091986,5594.945812052174,109,7e267c0bf303542b
5,42,111,2,0.2767911216206021,0.9035333333333333,0.3885438835144043,0.8686,0.40935670981407163,0.8652,0.010000000000000002,8.048713315045461,5590.955751384696,111,7e267c0bf303542b
5,42,112,2,0.2676573052989112,0.9076222222222222,0.3945175393104553,0.8678,0.4224623957633972,0.8622,0.010000000000000002,7.992657804163173,5630.167223793897,111,7e267c0bf303542b
5,42,113,2,0.2651633575386471,0.9070444444444444,0.3849422486305237,0.8718,0.4108972184181213,0.8653,0.010000000000000002,7.899708700133488,5696.41257774981,113,7e267c0bf303542b
5,42,114,2,0.2628076916800605,0.9092666666666667,0.37670522785186766,0.8692,0.41133868746757507,0.8641,0.010000000000000002,7.889307581819594,5703.922623539185,113,7e267c0bf303542b
5,42,115,2,0.2558764054722256,0.9124888888888889,0.41185037627220156,0.86,0.4307094985485077,0.8633,0.010000000000000002,7.929628880927339,5674.918798310448,113,7e267c0bf303542b
5,42,116,2,0.2537692980236477,0.9124,0.398060383605957,0.8696,0.42089634613990784,0.861,0.010000000000000002,8.384423890849575,5367.095054570321,113,7e267c0bf303542b
5,42,117,2,0.25021353754997255,0.9136444444444445,0.40132216262817383,0.867,0.4083602110624313,0.8659,0.010000000000000002,8.239286177093163,5461.63818476276,113,7e267c0bf303542b
5,42,118,2,0.24931530723571776,0.9141555555555556,0.4158245545387268,0.865,0.43320887749195097,0.8608,0.010000000000000002,7.908854258013889,5689.825419959202,113,7e267c0bf303542b
5,42,119,2,0.24823450926674737,0.9138666666666667,0.41518600912094117,0.8652,0.43032409253120424,0.8592,0.010000000000000002,7.913662272039801,5686.368517265641,113,7e267c0bf303542b
5,42,120,2,0.24046133821805318,0.9159777777777778,0.4208031908988953,0.8612,0.4514716491699219,0.8582,0.010000000000000002,7.875488220946863,5713.931471614808,113,7e267c0bf303542b
5,42,121,2,0.23977034322950574,0.9172222222222223,0.4117806015968323,0.8658,0.4269649669885635,0.8628,0.010000000000000002,8.033196323085576,5601.755290192554,113,7e267c0bf303542b
5,42,122,2,0.2374418402645323,0.9187333333333333,0.41510532751083373,0.8624,0.42200301475524904,0.8638,0.010000000000000002,8.045635202899575,5593.094748290651,113,7e267c0bf303542b
5,42,123,2,0.2383656922366884,0.9158666666666667,0.42567576246261596,0.8618,0.44073467432260516,0.8609,0.010000000000000002,7.870287126861513,5717.707534000091,113,7e267c0bf303542b
5,42,124,2,0.23575497817993163,0.9187333333333333,0.427668604183197,0.8634,0.44082919445037844,0.8597,0.010000000000000002,8.018295225920156,5612.1655204876715,113,7e267c0bf303542b
5,42,125,2,0.2331179751555125,0.9194444444444444,0.4535600619316101,0.8554,0.4696422207117081,0.8486,0.010000000000000002,7.980749795213342,5638.567948463928,113,7e267c0bf303542b
5,42,126,2,0.2341514512962765,0.9188222222222222,0.43643636269569397,0.8596,0.44629272775650025,0.8576,0.010000000000000002,8.083288277965039,5567.041339187363,113,7e267c0bf303542b
5,42,127,2,0.23036592863135869,0.9214444444444444,0.4164776738166809,0.8676,0.4500240377902985,0.8586,0.010000000000000002,7.892254151869565,5701.793066223055,113,7e267c0bf303542b
5,42,128,2,0.23345066526730857,0.9194222222222223,0.4637222899436951,0.8526,0.46360860085487365,0.8565,0.010000000000000002,7.972172300098464,5644.634649886356,113,7e267c0bf303542b
5,42,129,2,0.2280455787393782,0.9201111111111111,0.420568577337265,0.8662,0.45369845390319824,0.8608,0.010000000000000002,7.869667130056769,5718.157992747959,113,7e267c0bf303542b
5,42,130,2,0.2236141892168257,0.9213555555555556,0.43248425822257996,0.8664,0.44573259558677675,0.8601,0.010000000000000002,7.964635683922097,5649.97594188015,113,7e267c0bf303542b
5,42,131,2,0.2253037837823232,0.9213333333333333,0.42438832268714904,0.8654,0.4547134735584259,0.8577,0.010000000000000002,7.916114561026916,5684.606968871656,113,7e267c0bf303542b
5,42,132,2,0.22447337353759342,0.9216222222222222,0.46984457058906554,0.8522,0.45884671773910524,0.8554,0.010000000000000002,7.937898129923269,5669.006991959846,113,7e267c0bf303542b
5,42,133,2,0.22408114705615573,0.9226888888888889,0.44340793218612673,0.8598,0.45750796122550963,0.8546,0.010000000000000002,7.943266723072156,5665.1754962844425,113,7e267c0bf303542b
5,42,134,2,0.22661063381036123,0.9198666666666667,0.4161795488357544,0.8636,0.4416298680305481,0.8619,0.010000000000000002,7.9187424699775875,5682.720478738762,113,7e267c0bf303542b
5,42,135,2,0.22386093564033507,0.9215555555555556,0.4339921368598938,0.8614,0.4615959815502167,0.8558,0.010000000000000002,7.903614807175472,5693.597309315448,113,7e267c0bf303542b
5,42,136,2,0.21952938363287183,0.9240888888888888,0.42201004934310915,0.8708,0.4465160420656204,0.8611,0.010000000000000002,7.8955227159895,5699.432655531333,113,7e267c0bf303542b
5,42,137,2,0.21872504589292738,0.9235333333333333,0.42726295976638795,0.8634,0.4521093427658081,0.8614,0.010000000000000002,8.234189504990354,5465.018745649177,113,7e267c0bf303542b
5,42,138,2,0.22248350940015582,0.9219111111111111,0.3954784770965576,0.8752,0.4551279054164886,0.8569,0.010000000000000002,7.9180113901384175,5683.245171388083,138,7e267c0bf303542b
5,42,139,2,0.22067395724190605,0.9223555555555556,0.45329183378219606,0.8556,0.4836917721748352,0.8538,0.010000000000000002,7.96661129896529,5648.574822000495,138,7e267c0bf303542b
5,42,140,2,0.2227947322209676,0.9218444444444445,0.41800528268814086,0.8678,0.45398753304481504,0.861,0.010000000000000002,8.031091100070626,5603.223701397718,138,7e267c0bf303542b
5,42,141,2,0.22035631579822965,0.924,0.4304705159187317,0.8622,0.4496413130283356,0.8605,0.010000000000000002,7.98171199997887,5637.888212468594,138,7e267c0bf303542b
5,42,142,2,0.2107272004922231,0.9262888888888889,0.44334616432189944,0.861,0.48231015794277193,0.8534,0.010000000000000002,7.876317863119766,5713.329601730389,138,7e267c0bf303542b
5,42,143,2,0.21971238867706722,0.9236666666666666,0.46868010371923446,0.8522,0.4753172779560089,0.8511,0.010000000000000002,8.021849340060726,5609.67902691368,138,7e267c0bf303542b
5,42,144,2,0.2166086090935601,0.9248,0.4453574278354645,0.8554,0.488250780916214,0.8506,0.010000000000000002,7.867038060911,5720.06893211713,138,7e267c0bf303542b
5,42,145,2,0.21922147637473213,0.9241777777777778,0.46189201855659484,0.8594,0.4889126048088074,0.8515,0.010000000000000002,7.964174830820411,5650.302882083319,138,7e267c0bf303542b
5,42,146,2,0.21443062167697483,0.9246888888888889,0.43465253467559817,0.8682,0.4633038903236389,0.8573,0.010000000000000002,7.901799991028383,5694.90496482985,138,7e267c0bf303542b
5,42,147,2,0.20663841493394638,0.9270222222222222,0.4549008165836334,0.8608,0.49860004835128785,0.848,0.010000000000000002,8.469117360189557,5313.422649157008,138,7e267c0bf303542b
5,42,148,2,0.2133240483072069,0.9258888888888889,0.45431577730178835,0.857,0.49633441896438596,0.8456,0.010000000000000002,7.89625689201057,5698.902735235348,138,7e267c0bf303542b
5,42,149,2,0.21525886609289382,0.9257777777777778,0.4357230622291565,0.8616,0.46606893110275266,0.8547,0.010000000000000002,7.892029599985108,5701.955299316784,138,7e267c0bf303542b
5,42,150,2,0.21128491168816885,0.9270888888888889,0.4143829346179962,0.8696,0.47552333106994626,0.8549,0.010000000000000002,8.701360417995602,5171.6051098094795,138,7e267c0bf303542b
5,42,151,2,0.1429458070145713,0.9509333333333333,0.3523123766899109,0.886,0.3925164144515991,0.8804,0.0010000000000000002,7.966725234873593,5648.494039058448,151,7e267c0bf303542b
5,42,152,2,0.11359260790083144,0.9625555555555556,0.3530956460952759,0.886,0.39412748107910156,0.8792,0.0010000000000000002,8.014846004080027,5614.5807389302745,151,7e267c0bf303542b
5,42,153,2,0.10211773592101203,0.9663777777777778,0.35242215752601624,0.8864,0.39665292716026307,0.8826,0.0010000000000000002,7.950180326122791,5660.2489697168885,153,7e267c0bf303542b
5,42,154,2,0.09429444418350856,0.9691333333333333,0.3577979862213135,0.8848,0.4026658824920654,0.8803,0.0010000000000000002,7.970788896782324,5645.614327857279,153,7e267c0bf303542b
5,42,155,2,0.0884104517115487,0.9713777777777778,0.35620110206604005,0.8858,0.40288352904319763,0.8813,0.0010000000000000002,7.911243679001927,5688.106930575186,153,7e267c0bf303542b
5,42,156,2,0.08359524294667774,0.9721777777777778,0.35975317468643186,0.8882,0.40714847655296327,0.883,0.0010000000000000002,7.942818623036146,5665.495101384895,156,7e267c0bf303542b
5,42,157,2,0.08099222884178162,0.9733555555555555,0.3630077254295349,0.8874,0.41510924220085144,0.8837,0.0010000000000000002,7.999347871169448,5625.458565464452,156,7e267c0bf303542b
5,42,158,2,0.0763540098004871,0.9752666666666666,0.36535651683807374,0.8884,0.4216700770378113,0.8814,0.0010000000000000002,7.930593830067664,5674.228306761747,158,7e267c0bf303542b
5,42,159,2,0.06980270648797353,0.9770666666666666,0.3663471450805664,0.8878,0.42111269207000734,0.8825,0.0010000000000000002,7.948162918910384,5661.685657315271,158,7e267c0bf303542b
5,42,160,2,0.0681437346484926,0.9785333333333334,0.36962175216674803,0.8898,0.42911202244758606,0.8823,0.0010000000000000002,7.810160447843373,5761.725421713441,160,7e267c0bf303542b
5,42,161,2,0.06847408379183875,0.9780666666666666,0.37777491188049317,0.889,0.4293642596244812,0.8819,0.0010000000000000002,7.976664874935523,5641.455508730238,160,7e267c0bf303542b
5,42,162,2,0.0634493028998375,0.9794666666666667,0.3849484711647034,0.8892,0.43081847796440126,0.8847,0.0010000000000000002,7.926061450038105,5677.473015274649,160,7e267c0bf303542b
5,42,163,2,0.06103387092087004,0.9801555555555556,0.38732657804489135,0.8896,0.4354301519393921,0.8806,0.0010000000000000002,8.213801525067538,5478.58380345147,160,7e267c0bf303542b
5,42,164,2,0.06030693005455865,0.9798888888888889,0.3873113338470459,0.8898,0.4354644646167755,0.8821,0.0010000000000000002,7.9522480298765,5658.7772200936815,160,7e267c0bf303542b
5,42,165,2,0.05649142430490918,0.9822,0.3912387327671051,0.8908,0.4527926698684692,0.8779,0.0010000000000000002,7.852119087940082,5730.93702426325,165,7e267c0bf303542b
5,42,166,2,0.05672441599369049,0.9813777777777778,0.3961931489944458,0.8898,0.4487353392124176,0.8815,0.0010000000000000002,8.072591497097164,5574.418080759025,165,7e267c0bf303542b
5,42,167,2,0.054338716027471756,0.9826888888888888,0.3890050513267517,0.8916,0.4496166805267334,0.8821,0.0010000000000000002,7.993068896001205,5629.877658443896,167,7e267c0bf303542b
5,42,168,2,0.05288484685288535,0.9832444444444445,0.39635168623924255,0.8884,0.45160629363059995,0.8819,0.0010000000000000002,7.978218208998442,5640.357135036188,167,7e267c0bf303542b
5,42,169,2,0.05186726315584448,0.9827555555555556,0.3989453610897064,0.8898,0.4519348057746887,0.8811,0.0010000000000000002,8.0169994069729,5613.072636734962,167,7e267c0bf303542b
5,42,170,2,0.04989838108205133,0.9833555555555555,0.4048127046585083,0.8892,0.4550908834457397,0.8807,0.0010000000000000002,7.940716719953343,5666.9947546327285,167,7e267c0bf303542b
5,42,171,2,0.05059451089700063,0.9832666666666666,0.4005683253288269,0.888,0.4538121817588806,0.8818,0.0010000000000000002,8.126729303970933,5537.2829974799115,167,7e267c0bf303542b
5,42,172,2,0.050899558006392585,0.983,0.3997990668296814,0.8898,0.46080849952697756,0.8827,0.0010000000000000002,7.948756237979978,5661.2630520716375,167,7e267c0bf303542b
5,42,173,2,0.04708571034106943,0.9848888888888889,0.40335762224197386,0.8914,0.4590453028678894,0.8818,0.0010000000000000002,7.912678877124563,5687.075224307956,167,7e267c0bf303542b
5,42,174,2,0.04620143233537674,0.9849555555555556,0.4079159054279327,0.8886,0.47232403960227964,0.8813,0.0010000000000000002,7.876988995121792,5712.842816953082,167,7e267c0bf303542b
5,42,175,2,0.046107000182734593,0.9847111111111111,0.42303850412368776,0.8894,0.47327471528053283,0.8813,0.0010000000000000002,7.959003817057237,5653.973918640273,167,7e267c0bf303542b
5,42,176,2,0.043267027280396886,0.9860222222222222,0.42026294012069704,0.887,0.4745429005146027,0.8832,0.0010000000000000002,7.953334933146834,5658.003891229965,167,7e267c0bf303542b
5,42,177,2,0.042056204247557454,0.9867555555555556,0.4167841743946075,0.8886,0.4758981825351715,0.8813,0.0010000000000000002,7.851365866139531,5731.4868224484135,167,7e267c0bf303542b
5,42,178,2,0.04086465057267083,0.9871333333333333,0.4185097246170044,0.8896,0.4720549936294556,0.8833,0.0010000000000000002,7.955815989058465,5656.239418041838,167,7e267c0bf303542b
5,42,179,2,0.04124863654077053,0.9868666666666667,0.41692396173477175,0.8868,0.47086376905441285,0.8782,0.0010000000000000002,7.955136168980971,5656.722781875947,167,7e267c0bf303542b
5,42,180,2,0.038412120175361636,0.9878222222222223,0.4281754512786865,0.8866,0.4793951295852661,0.8822,0.0010000000000000002,7.962668749969453,5651.371595757093,167,7e267c0bf303542b
5,42,181,2,0.040655336347553465,0.9864222222222222,0.42837634983062745,0.8888,0.47826988487243655,0.8814,0.0010000000000000002,8.092287886887789,5560.85011173602,167,7e267c0bf303542b
5,42,182,2,0.038058911446068024,0.9867777777777778,0.43310784215927123,0.8896,0.4800249970436096,0.8829,0.0010000000000000002,7.901196235092357,5695.340130920567,167,7e267c0bf303542b
5,42,183,2,0.03785155750777986,0.9880444444444444,0.42217845907211304,0.8914,0.4826238664627075,0.8801,0.0010000000000000002,7.8951021251268685,5699.736277860608,167,7e267c0bf303542b
5,42,184,2,0.03831061651309331,0.9870888888888889,0.4237626910686493,0.8898,0.49218745822906496,0.8795,0.0010000000000000002,7.911843929905444,5687.675388781057,167,7e267c0bf303542b
5,42,185,2,0.03474333883341816,0.9892444444444445,0.42467700557708743,0.8896,0.49000274958610535,0.8811,0.0010000000000000002,7.87964042997919,5710.920491852804,167,7e267c0bf303542b
5,42,186,2,0.0373167586127917,0.9879555555555556,0.4298853397369385,0.8914,0.4896669716835022,0.8789,0.0010000000000000002,8.029255964793265,5604.504352248366,167,7e267c0bf303542b
5,42,187,2,0.035396941675080194,0.9885555555555555,0.4346147285461426,0.8876,0.4888862518787384,0.8812,0.0010000000000000002,7.864173695910722,5722.152350653124,167,7e267c0bf303542b
5,42,188,2,0.03342419076495701,0.9896222222222222,0.4254578780174255,0.8906,0.495526487159729,0.8817,0.0010000000000000002,7.892918447963893,5701.313183035419,167,7e267c0bf303542b
5,42,189,2,0.03469253189033932,0.9892222222222222,0.4339458498954773,0.8928,0.4940267652988434,0.8788,0.0010000000000000002,8.008493607165292,5619.034266286731,189,7e267c0bf303542b
5,42,190,2,0.03175232166581684,0.9904666666666667,0.4292254086494446,0.8884,0.4952850055217743,0.8823,0.0010000000000000002,8.008914669044316,5618.73885033785,189,7e267c0bf303542b
5,42,191,2,0.03271436776717504,0.9896222222222222,0.4395536593437195,0.8864,0.4939599799156189,0.8793,0.0010000000000000002,8.069120732834563,5576.815800622203,189,7e267c0bf303542b
5,42,192,2,0.03279232770204544,0.9896222222222222,0.44984422969818116,0.887,0.500557073879242,0.8812,0.0010000000000000002,7.902772134868428,5694.204417390708,189,7e267c0bf303542b
5,42,193,2,0.031198688655677768,0.9902222222222222,0.44639567260742186,0.8858,0.498619997882843,0.8826,0.0010000000000000002,7.901533694006503,5695.096894180626,189,7e267c0bf303542b
5,42,194,2,0.03260572570032544,0.9887777777777778,0.4457896869659424,0.8892,0.506442389678955,0.88,0.0010000000000000002,7.879014327889308,5711.3743074071745,189,7e267c0bf303542b
5,42,195,2,0.030122347209850946,0.9902444444444445,0.45988211822509767,0.8894,0.49288504757881163,0.8829,0.0010000000000000002,7.88081522192806,5710.069165787476,189,7e267c0bf303542b
5,42,196,2,0.028263437678747706,0.9916444444444444,0.44710218267440793,0.8922,0.5017222865104676,0.8846,0.0010000000000000002,8.064926122082397,5579.7163320301825,189,7e267c0bf303542b
5,42,197,2,0.029884998228152593,0.9902888888888889,0.44854004640579226,0.8912,0.5062528889656067,0.8821,0.0010000000000000002,7.933073531137779,5672.454670106405,189,7e267c0bf303542b
5,42,198,2,0.028552476473649342,0.991,0.4431338304519653,0.8898,0.5056051809310913,0.8808,0.0010000000000000002,7.915652527008206,5684.938777499392,189,7e267c0bf303542b
5,42,199,2,0.030431524233023324,0.9904888888888889,0.4465023948669434,0.8892,0.5112937479972839,0.8817,0.0010000000000000002,7.931095787091181,5673.869186303733,189,7e267c0bf303542b
5,42,200,2,0.028186452685627673,0.991,0.4362238428115845,0.8904,0.5119123210430145,0.8795,0.0010000000000000002,7.8691456080414355,5718.536959592507,189,7e267c0bf303542b
