day,run_name,seed,epoch,shards,attack,malicious_stages,detector,train_loss,train_acc,validation_loss,validation_acc,test_loss_reporting_only,test_acc_reporting_only,detection_tpr,detection_fpr,learning_rate,epoch_time_sec,best_validation_epoch_so_far,config_hash
6,day6_sign_flip_none_seed42,42,1,4,sign_flip,[0],none,4.561422509977553,0.11642222222222222,2.5536535713195803,0.1426,2.4835889343261717,0.1433,0.0,0.0,0.1,7.906766541302204,1,7e267c0bf303542b
6,day6_sign_flip_none_seed42,42,2,4,sign_flip,[0],none,2.1061503706402247,0.20504444444444445,2.0534933555603025,0.2368,2.0341196172714233,0.232,0.0,0.0,0.1,8.202413216233253,2,7e267c0bf303542b
6,day6_sign_flip_none_seed42,42,3,4,sign_flip,[0],none,1.8483465458128188,0.2831111111111111,1.7993085151672363,0.3226,1.7642207368850709,0.3282,0.0,0.0,0.1,8.06993718445301,3,7e267c0bf303542b
6,day6_sign_flip_none_seed42,42,4,4,sign_flip,[0],none,1.7483647160424127,0.33586666666666665,1.6993213359832764,0.3628,1.6722039863586426,0.3878,0.0,0.0,0.1,7.687114104628563,4,7e267c0bf303542b
6,day6_sign_flip_none_seed42,42,5,4,sign_flip,[0],none,1.645561684926351,0.3841111111111111,1.737168029022217,0.3714,1.6987011072158813,0.3898,0.0,0.0,0.1,8.738423094153404,5,7e267c0bf303542b
6,day6_sign_flip_none_seed42,42,6,4,sign_flip,[0],none,1.5520611178080241,0.42577777777777776,1.7756682697296142,0.3604,1.748312171936035,0.3739,0.0,0.0,0.1,8.287515841424465,5,7e267c0bf303542b
6,day6_sign_flip_none_seed42,42,7,4,sign_flip,[0],none,1.4880949047088623,0.4540666666666667,1.7048971168518066,0.398,1.7020298379898071,0.399,0.0,0.0,0.1,8.890548139810562,7,7e267c0bf303542b
6,day6_sign_flip_none_seed42,42,8,4,sign_flip,[0],none,1.4148211276372273,0.4864222222222222,1.5320424438476563,0.4352,1.5428209995269775,0.4428,0.0,0.0,0.1,8.698124997317791,8,7e267c0bf303542b
6,day6_sign_flip_none_seed42,42,9,4,sign_flip,[0],none,1.3700270389556886,0.5051555555555556,1.4262354740142822,0.4744,1.42086509475708,0.4816,0.0,0.0,0.1,8.26181049644947,9,7e267c0bf303542b
6,day6_sign_flip_none_seed42,42,10,4,sign_flip,[0],none,1.317917862870958,0.5248444444444444,1.2211745454788208,0.5516,1.2238900296211244,0.5617,0.0,0.0,0.1,8.771725118160248,10,7e267c0bf303542b
6,day6_sign_flip_none_seed42,42,11,4,sign_flip,[0],none,1.2817594087176853,0.5409111111111111,1.188292622756958,0.5688,1.1993944555282592,0.568,0.0,0.0,0.1,8.492076970636845,11,7e267c0bf303542b
6,day6_sign_flip_none_seed42,42,12,4,sign_flip,[0],none,1.2100874029583402,0.5682,1.5465365509033202,0.4886,1.5314977848052977,0.498,0.0,0.0,0.1,7.937449581921101,11,7e267c0bf303542b
6,day6_sign_flip_none_seed42,42,13,4,sign_flip,[0],none,1.1846695279015436,0.5791555555555555,1.1947179809570312,0.5718,1.2025580090522767,0.5723,0.0,0.0,0.1,8.60975207388401,13,7e267c0bf303542b
6,day6_sign_flip_none_seed42,42,14,4,sign_flip,[0],none,1.121759572728475,0.6046888888888889,1.1641124401092529,0.6032,1.1835564432144166,0.5904,0.0,0.0,0.1,7.863836042582989,14,7e267c0bf303542b
6,day6_sign_flip_none_seed42,42,15,4,sign_flip,[0],none,1.0460105859968398,0.6321111111111111,1.1148458782196045,0.6232,1.1271578214645386,0.6176,0.0,0.0,0.1,8.781964041292667,15,7e267c0bf303542b
6,day6_sign_flip_none_seed42,42,16,4,sign_flip,[0],none,1.0005094772338867,0.6506,1.1887564144134521,0.61,1.213605864238739,0.6043,0.0,0.0,0.1,8.728524662554264,15,7e267c0bf303542b
6,day6_sign_flip_none_seed42,42,17,4,sign_flip,[0],none,0.9756969966464573,0.6596666666666666,1.0106045579910279,0.6534,1.0346748443603515,0.6468,0.0,0.0,0.1,8.023283429443836,17,7e267c0bf303542b
6,day6_sign_flip_none_seed42,42,18,4,sign_flip,[0],none,0.9435689071443346,0.6721111111111111,0.9957520330429077,0.6422,1.0085221217155456,0.6418,0.0,0.0,0.1,8.648704282939434,17,7e267c0bf303542b
6,day6_sign_flip_none_seed42,42,19,4,sign_flip,[0],none,0.9205124043888516,0.6814222222222223,0.9370126226425171,0.6782,0.9576526035308838,0.6692,0.0,0.0,0.1,7.765747383236885,19,7e267c0bf303542b
6,day6_sign_flip_none_seed42,42,20,4,sign_flip,[0],none,0.9026797749201456,0.6896666666666667,0.9264683776855469,0.6804,0.9359071745872497,0.683,0.0,0.0,0.1,8.473148204386234,20,7e267c0bf303542b
