epoch,speed_validator,vrf_validator,speed_gini_cum,vrf_gini_cum,speed_entropy_cum,vrf_entropy_cum
0,0,5,0.875,0.875,-0.0,-0.0
1,0,7,0.875,0.75,-0.0,1.0
2,0,4,0.875,0.625,-0.0,1.584962500721156
3,0,4,0.875,0.6875,-0.0,1.5
4,0,0,0.875,0.575,-0.0,1.9219280948873623
5,0,0,0.875,0.5833333333333333,-0.0,1.9182958340544896
6,0,1,0.875,0.4821428571428572,-0.0,2.2359263506290326
7,0,7,0.875,0.46875,-0.0,2.25
8,0,0,0.875,0.5138888888888888,-0.0,2.197159723424149
9,0,7,0.875,0.5249999999999999,-0.0,2.1709505944546685
10,0,6,0.875,0.4431818181818181,-0.0,2.4130884364257574
11,0,7,0.875,0.47916666666666674,-0.0,2.3553885422075336
12,0,7,0.875,0.5096153846153846,-0.0,2.287783719941071
13,0,1,0.875,0.4821428571428572,-0.0,2.35274578087187
14,0,7,0.875,0.5083333333333333,-0.0,2.2892464285091583
15,0,2,0.875,0.4375,-0.0,2.48345859334435
16,0,0,0.875,0.44852941176470584,-0.0,2.4692407821722844
17,0,6,0.875,0.41666666666666674,-0.0,2.5304930567574826
18,0,2,0.875,0.375,-0.0,2.589518302689536
19,0,5,0.875,0.32499999999999996,-0.0,2.6464393446710157
20,0,6,0.875,0.32738095238095233,-0.0,2.6654287319935026
21,0,4,0.875,0.3181818181818181,-0.0,2.6858157091530304
22,0,3,0.875,0.2663043478260869,-0.0,2.827059781767714
23,0,1,0.875,0.25,-0.0,2.8443609377704333
24,0,3,0.875,0.20500000000000007,-0.0,2.892878689342031
25,0,2,0.875,0.1826923076923077,-0.0,2.9108502945649075
26,0,1,0.875,0.18981481481481488,-0.0,2.911389816577641
27,0,6,0.875,0.1875,-0.0,2.91379956460568
28,0,0,0.875,0.20258620689655182,-0.0,2.9052502888141003
29,0,4,0.875,0.19166666666666665,-0.0,2.9110804962442782
30,0,0,0.875,0.2056451612903225,-0.0,2.89695639068309
31,0,3,0.875,0.1796875,-0.0,2.92095859334435
32,0,4,0.875,0.18560606060606055,-0.0,2.9189709227700407
33,0,4,0.875,0.19117647058823528,-0.0,2.9098422525059937
34,0,3,0.875,0.17500000000000004,-0.0,2.9211626593694153
35,0,0,0.875,0.19444444444444442,-0.0,2.9080938357417407
36,0,0,0.875,0.21283783783783794,-0.0,2.8912253247960487
37,0,6,0.875,0.21052631578947367,-0.0,2.8957149348842655
38,0,3,0.875,0.20192307692307687,-0.0,2.900947899382993
39,0,1,0.875,0.1875,-0.0,2.906844121534168
40,0,4,0.875,0.19817073170731714,-0.0,2.900355214759448
41,0,0,0.875,0.2142857142857142,-0.0,2.8857842466553105
42,0,4,0.875,0.22383720930232553,-0.0,2.876894779288571
43,0,6,0.875,0.22159090909090917,-0.0,2.879362448803848
44,0,3,0.875,0.2138888888888888,-0.0,2.882449140717188
45,0,4,0.875,0.22282608695652173,-0.0,2.8724205861539103
46,0,4,0.875,0.23670212765957444,-0.0,2.8600684484556047
47,0,0,0.875,0.24479166666666674,-0.0,2.848870523901816
48,0,2,0.875,0.2270408163265305,-0.0,2.868229693397558
49,0,2,0.875,0.20999999999999996,-0.0,2.880112832582691
50,0,3,0.875,0.21323529411764697,-0.0,2.8816630417817315
51,0,7,0.875,0.21153846153846145,-0.0,2.883697665068895
52,0,1,0.875,0.20047169811320753,-0.0,2.890737034003871
53,0,5,0.875,0.18055555555555558,-0.0,2.9192280800929526
54,0,4,0.875,0.19318181818181812,-0.0,2.909358338107487
55,0,0,0.875,0.2008928571428572,-0.0,2.900309520199012
56,0,5,0.875,0.1820175438596492,-0.0,2.9199136106223262
57,0,6,0.875,0.17672413793103448,-0.0,2.9238195390587105
58,0,3,0.875,0.18008474576271194,-0.0,2.9245094900806423
59,0,2,0.875,0.16666666666666674,-0.0,2.933057020150504
60,0,6,0.875,0.16598360655737698,-0.0,2.934367992102597
61,0,6,0.875,0.1693548387096775,-0.0,2.933101873514965
62,0,7,0.875,0.16468253968253976,-0.0,2.93511531029904
63,0,2,0.875,0.15625,-0.0,2.940654998722945
64,0,7,0.875,0.15576923076923066,-0.0,2.940407734648265
65,0,5,0.875,0.14015151515151514,-0.0,2.954438883462254
66,0,4,0.875,0.15111940298507465,-0.0,2.948136238625045
67,0,7,0.875,0.15441176470588225,-0.0,2.946392198475552
68,0,6,0.875,0.15398550724637672,-0.0,2.945006201059642
69,0,0,0.875,0.1607142857142858,-0.0,2.9400178476846524
70,0,6,0.875,0.16373239436619724,-0.0,2.937310095499631
71,0,4,0.875,0.17361111111111116,-0.0,2.931463959337605
72,0,7,0.875,0.17294520547945202,-0.0,2.929500423432406
73,0,0,0.875,0.17905405405405395,-0.0,2.9244556870498157
74,0,2,0.875,0.17166666666666663,-0.0,2.929640773689845
75,0,5,0.875,0.1578947368421053,-0.0,2.9408422727811803
76,0,0,0.875,0.16720779220779214,-0.0,2.93515367234016
77,0,4,0.875,0.17307692307692313,-0.0,2.929851149166257
78,0,7,0.875,0.1756329113924051,-0.0,2.9278467527349394
79,0,6,0.875,0.17500000000000004,-0.0,2.9261207468426806
80,0,3,0.875,0.17129629629629628,-0.0,2.930048609593818
81,0,4,0.875,0.17987804878048785,-0.0,2.9246946524000754
82,0,6,0.875,0.18222891566265065,-0.0,2.9222626938884066
83,0,5,0.875,0.17261904761904767,-0.0,2.9313391054081257
84,0,2,0.875,0.16617647058823537,-0.0,2.93584383411283
85,0,6,0.875,0.16860465116279078,-0.0,2.932674565805745
86,0,5,0.875,0.15948275862068972,-0.0,2.9395265787144393
87,0,0,0.875,0.1647727272727273,-0.0,2.9355945525463376
88,0,6,0.875,0.1671348314606742,-0.0,2.9319350956706027
89,0,0,0.875,0.17500000000000004,-0.0,2.9274676195830303
90,0,4,0.875,0.17994505494505497,-0.0,2.923274486648474
91,0,4,0.875,0.1875,-0.0,2.918364105249122
92,0,1,0.875,0.17607526881720426,-0.0,2.928192018372523
93,0,2,0.875,0.1728723404255319,-0.0,2.9321434510362003
94,0,7,0.875,0.1723684210526315,-0.0,2.9320026189891015
95,0,5,0.875,0.1640625,-0.0,2.9378233444664037
96,0,3,0.875,0.15850515463917536,-0.0,2.9420229974824985
97,0,3,0.875,0.1556122448979591,-0.0,2.944814111538824
98,0,2,0.875,0.1502525252525253,-0.0,2.9476975428207983
99,0,1,0.875,0.1399999999999999,-0.0,2.9555285478325337
100,0,5,0.875,0.13242574257425743,-0.0,2.9599667289883103
101,0,0,0.875,0.13725490196078427,-0.0,2.956645063232597
102,0,4,0.875,0.14441747572815533,-0.0,2.9527008169300775
103,0,7,0.875,0.14423076923076916,-0.0,2.952568345746421
104,0,6,0.875,0.14642857142857135,-0.0,2.9506715767621414
105,0,3,0.875,0.14386792452830188,-0.0,2.9530047375956365
106,0,5,0.875,0.13668224299065423,-0.0,2.9566489223385464
107,0,4,0.875,0.1435185185185186,-0.0,2.9527809689767577
108,0,1,0.875,0.13417431192660545,-0.0,2.9594060624177927
109,0,7,0.875,0.13409090909090904,-0.0,2.959021344229506
110,0,6,0.875,0.13626126126126126,-0.0,2.957081731902154
111,0,6,0.875,0.140625,-0.0,2.9545346484109207
112,0,1,0.875,0.13163716814159288,-0.0,2.959950408571636
113,0,2,0.875,0.1271929824561404,-0.0,2.9629634458492595
114,0,7,0.875,0.12717391304347836,-0.0,2.9622877043892695
115,0,1,0.875,0.11853448275862077,-0.0,2.966578092455384
116,0,5,0.875,0.11217948717948723,-0.0,2.969778916902914
117,0,2,0.875,0.11016949152542366,-0.0,2.9720099541008436
118,0,4,0.875,0.11659663865546221,-0.0,2.9689131886599025
119,0,0,0.875,0.11874999999999991,-0.0,2.967270378043329
120,0,7,0.875,0.11880165289256195,-0.0,2.9664558454640284
121,0,6,0.875,0.12295081967213117,-0.0,2.964399082328911
122,0,1,0.875,0.11483739837398366,-0.0,2.968050526947463
123,0,7,0.875,0.11491935483870974,-0.0,2.9668507372667587
124,0,0,0.875,0.11699999999999999,-0.0,2.9651216942911995
125,0,1,0.875,0.11309523809523814,-0.0,2.9680022241067316
126,0,1,0.875,0.1112204724409449,-0.0,2.9700528545161538
127,0,5,0.875,0.10546875,-0.0,2.973028054502392
128,0,0,0.875,0.10949612403100772,-0.0,2.9710695177022233
129,0,7,0.875,0.10961538461538467,-0.0,2.9698114984478434
130,0,3,0.875,0.10209923664122145,-0.0,2.972976534188902
131,0,0,0.875,0.10795454545454541,-0.0,2.9707684284246163
132,0,7,0.875,0.10996240601503748,-0.0,2.9692182975644554
133,0,5,0.875,0.10634328358208944,-0.0,2.9717326015133105
134,0,3,0.875,0.10092592592592586,-0.0,2.9742894082246814
135,0,2,0.875,0.09375,-0.0,2.9768871937172334
136,0,1,0.875,0.09215328467153294,-0.0,2.9787716589472146
137,0,7,0.875,0.09601449275362328,-0.0,2.977084006992441
138,0,7,0.875,0.10161870503597115,-0.0,2.9750014194710106
139,0,6,0.875,0.10178571428571437,-0.0,2.974029081627708
140,0,3,0.875,0.09840425531914887,-0.0,2.976175884528315
141,0,5,0.875,0.09330985915492951,-0.0,2.978364506863423
142,0,5,0.875,0.09178321678321688,-0.0,2.9799204832054453
143,0,1,0.875,0.08854166666666674,-0.0,2.9815249102839565
144,0,0,0.875,0.09224137931034493,-0.0,2.979919828922039
145,0,2,0.875,0.08561643835616439,-0.0,2.9822983062513106
146,0,4,0.875,0.08758503401360551,-0.0,2.9813122301125694
147,0,4,0.875,0.08952702702702697,-0.0,2.979941429169055
148,0,7,0.875,0.0947986577181208,-0.0,2.978214185057093
149,0,1,0.875,0.09333333333333327,-0.0,2.979558261985141
150,0,6,0.875,0.0935430463576159,-0.0,2.9788738237143657
151,0,2,0.875,0.08881578947368429,-0.0,2.9809156100022047
152,0,4,0.875,0.09232026143790839,-0.0,2.979477785814347
153,0,6,0.875,0.09253246753246747,-0.0,2.9785458365777115
154,0,0,0.875,0.09435483870967731,-0.0,2.977263129059154
155,0,1,0.875,0.09294871794871784,-0.0,2.97838119618248
156,0,3,0.875,0.08678343949044587,-0.0,2.9806594711596777
157,0,4,0.875,0.09177215189873422,-0.0,2.979166218861201
158,0,1,0.875,0.09040880503144644,-0.0,2.979920261187632
159,0,4,0.875,0.09531249999999991,-0.0,2.9781882630846166
160,0,6,0.875,0.09549689440993792,-0.0,2.977296987010703
161,0,5,0.875,0.09259259259259256,-0.0,2.979234751224218
162,0,4,0.875,0.09739263803680975,-0.0,2.9773496346219597
163,0,2,0.875,0.09298780487804881,-0.0,2.979371718047706
164,0,1,0.875,0.09166666666666656,-0.0,2.9799615709739307
165,0,3,0.875,0.08584337349397586,-0.0,2.9820492238703173
166,0,1,0.875,0.08458083832335328,-0.0,2.982288254020618
167,0,0,0.875,0.08779761904761907,-0.0,2.9814028189113793
168,0,6,0.875,0.08949704142011838,-0.0,2.98057867605901
169,0,3,0.875,0.08676470588235285,-0.0,2.982316758476394
170,0,1,0.875,0.08552631578947367,-0.0,2.9823470181953198
171,0,3,0.875,0.08284883720930236,-0.0,2.9836867741000317
172,0,5,0.875,0.07875722543352603,-0.0,2.985523057762382
173,0,0,0.875,0.0818965517241379,-0.0,2.9845957997836616
174,0,6,0.875,0.08357142857142863,-0.0,2.983726518447289
175,0,3,0.875,0.08096590909090917,-0.0,2.9847853516787684
176,0,1,0.875,0.07980225988700562,-0.0,2.9847119209079023
177,0,3,0.875,0.077247191011236,-0.0,2.9854397436371922
178,0,4,0.875,0.0817039106145252,-0.0,2.984135295524905
179,0,4,0.875,0.08611111111111103,-0.0,2.9825931991599908
180,0,4,0.875,0.09046961325966851,-0.0,2.9808276963007203
181,0,0,0.875,0.0934065934065933,-0.0,2.98000716514963
182,0,0,0.875,0.09631147540983598,-0.0,2.978935628744833
183,0,5,0.875,0.09239130434782616,-0.0,2.9807368306486337
184,0,2,0.875,0.0871621621621621,-0.0,2.9829944075441626
185,0,7,0.875,0.0873655913978495,-0.0,2.9829825754744608
186,0,7,0.875,0.08756684491978617,-0.0,2.9826907991662224
187,0,2,0.875,0.08244680851063824,-0.0,2.9845991852714087
188,0,6,0.875,0.08399470899470907,-0.0,2.984077952201648
189,0,1,0.875,0.08289473684210535,-0.0,2.9842226597011177
190,0,0,0.875,0.08573298429319376,-0.0,2.983218170973618
191,0,6,0.875,0.08723958333333326,-0.0,2.9825418476710928
192,0,2,0.875,0.08354922279792754,-0.0,2.9842046822010784
193,0,3,0.875,0.08118556701030921,-0.0,2.985162665591262
194,0,1,0.875,0.08012820512820507,-0.0,2.9851824215103373
195,0,7,0.875,0.0803571428571428,-0.0,2.9849452170031747
196,0,3,0.875,0.07804568527918776,-0.0,2.9856645286276993
197,0,7,0.875,0.07828282828282829,-0.0,2.985221134322061
198,0,3,0.875,0.07600502512562812,-0.0,2.9856899411065076
199,0,4,0.875,0.08000000000000007,-0.0,2.9845498386869895
