epoch,node_id,reputation,violations,status,active
0,0,1.0,0,active,True
0,1,1.0,0,active,True
0,2,1.0,0,active,True
0,3,1.0,0,active,True
0,4,1.0,0,active,True
0,5,1.0,0,active,True
0,6,1.0,0,active,True
0,7,1.0,0,active,True
1,0,1.0,0,active,True
1,1,1.0,0,active,True
1,2,1.0,0,active,True
1,3,1.0,0,active,True
1,4,1.0,0,active,True
1,5,1.0,0,active,True
1,6,1.0,0,active,True
1,7,1.0,0,active,True
2,0,1.0,0,active,True
2,1,1.0,0,active,True
2,2,1.0,0,active,True
2,3,1.0,0,active,True
2,4,1.0,0,active,True
2,5,1.0,0,active,True
2,6,1.0,0,active,True
2,7,1.0,0,active,True
3,0,1.0,0,active,True
3,1,1.0,0,active,True
3,2,1.0,0,active,True
3,3,1.0,0,active,True
3,4,1.0,0,active,True
3,5,1.0,0,active,True
3,6,1.0,0,active,True
3,7,1.0,0,active,True
4,0,1.0,0,active,True
4,1,1.0,0,active,True
4,2,1.0,0,active,True
4,3,1.0,0,active,True
4,4,1.0,0,active,True
4,5,1.0,0,active,True
4,6,1.0,0,active,True
4,7,1.0,0,active,True
5,0,1.0,0,active,True
5,1,1.0,0,active,True
5,2,1.0,0,active,True
5,3,1.0,0,active,True
5,4,1.0,0,active,True
5,5,1.0,0,active,True
5,6,1.0,0,active,True
5,7,1.0,0,active,True
6,0,1.0,0,active,True
6,1,1.0,0,active,True
6,2,1.0,0,active,True
6,3,1.0,0,active,True
6,4,1.0,0,active,True
6,5,1.0,0,active,True
6,6,1.0,0,active,True
6,7,1.0,0,active,True
7,0,1.0,0,active,True
7,1,1.0,0,active,True
7,2,1.0,0,active,True
7,3,1.0,0,active,True
7,4,1.0,0,active,True
7,5,1.0,0,active,True
7,6,1.0,0,active,True
7,7,1.0,0,active,True
8,0,1.0,0,active,True
8,1,1.0,0,active,True
8,2,1.0,0,active,True
8,3,1.0,0,active,True
8,4,1.0,0,active,True
8,5,1.0,0,active,True
8,6,1.0,0,active,True
8,7,1.0,0,active,True
9,0,1.0,0,active,True
9,1,1.0,0,active,True
9,2,1.0,0,active,True
9,3,1.0,0,active,True
9,4,1.0,0,active,True
9,5,1.0,0,active,True
9,6,1.0,0,active,True
9,7,1.0,0,active,True
10,0,1.0,0,active,True
10,1,1.0,0,active,True
10,2,0.9,1,warned,True
10,3,1.0,0,active,True
10,4,1.0,0,active,True
10,5,0.9,1,warned,True
10,6,1.0,0,active,True
10,7,1.0,0,active,True
11,0,1.0,0,active,True
11,1,1.0,0,active,True
11,2,0.9,1,warned,True
11,3,1.0,0,active,True
11,4,1.0,0,active,True
11,5,0.9,1,warned,True
11,6,1.0,0,active,True
11,7,1.0,0,active,True
12,0,1.0,0,active,True
12,1,1.0,0,active,True
12,2,0.9,1,warned,True
12,3,1.0,0,active,True
12,4,1.0,0,active,True
12,5,0.9,1,warned,True
12,6,1.0,0,active,True
12,7,1.0,0,active,True
13,0,1.0,0,active,True
13,1,1.0,0,active,True
13,2,0.9,1,warned,True
13,3,1.0,0,active,True
13,4,1.0,0,active,True
13,5,0.9,1,warned,True
13,6,1.0,0,active,True
13,7,1.0,0,active,True
14,0,1.0,0,active,True
14,1,1.0,0,active,True
14,2,0.9,1,warned,True
14,3,1.0,0,active,True
14,4,1.0,0,active,True
14,5,0.9,1,warned,True
14,6,1.0,0,active,True
14,7,1.0,0,active,True
15,0,1.0,0,active,True
15,1,1.0,0,active,True
15,2,0.9,1,warned,True
15,3,1.0,0,active,True
15,4,1.0,0,active,True
15,5,0.9,1,warned,True
15,6,1.0,0,active,True
15,7,1.0,0,active,True
16,0,1.0,0,active,True
16,1,1.0,0,active,True
16,2,0.9,1,warned,True
16,3,1.0,0,active,True
16,4,1.0,0,active,True
16,5,0.9,1,warned,True
16,6,1.0,0,active,True
16,7,1.0,0,active,True
17,0,1.0,0,active,True
17,1,1.0,0,active,True
17,2,0.9,1,warned,True
17,3,1.0,0,active,True
17,4,1.0,0,active,True
17,5,0.9,1,warned,True
17,6,1.0,0,active,True
17,7,1.0,0,active,True
18,0,1.0,0,active,True
18,1,1.0,0,active,True
18,2,0.9,1,warned,True
18,3,1.0,0,active,True
18,4,1.0,0,active,True
18,5,0.9,1,warned,True
18,6,1.0,0,active,True
18,7,1.0,0,active,True
19,0,1.0,0,active,True
19,1,1.0,0,active,True
19,2,0.9,1,warned,True
19,3,1.0,0,active,True
19,4,1.0,0,active,True
19,5,0.9,1,warned,True
19,6,1.0,0,active,True
19,7,1.0,0,active,True
20,0,1.0,0,active,True
20,1,1.0,0,active,True
20,2,0.6000000000000001,2,penalized,True
20,3,1.0,0,active,True
20,4,1.0,0,active,True
20,5,0.6000000000000001,2,penalized,True
20,6,1.0,0,active,True
20,7,1.0,0,active,True
21,0,1.0,0,active,True
21,1,1.0,0,active,True
21,2,0.6000000000000001,2,penalized,True
21,3,1.0,0,active,True
21,4,1.0,0,active,True
21,5,0.6000000000000001,2,penalized,True
21,6,1.0,0,active,True
21,7,1.0,0,active,True
22,0,1.0,0,active,True
22,1,1.0,0,active,True
22,2,0.6000000000000001,2,penalized,True
22,3,1.0,0,active,True
22,4,1.0,0,active,True
22,5,0.6000000000000001,2,penalized,True
22,6,1.0,0,active,True
22,7,1.0,0,active,True
23,0,1.0,0,active,True
23,1,1.0,0,active,True
23,2,0.6000000000000001,2,penalized,True
23,3,1.0,0,active,True
23,4,1.0,0,active,True
23,5,0.6000000000000001,2,penalized,True
23,6,1.0,0,active,True
23,7,1.0,0,active,True
24,0,0.9,1,warned,True
24,1,1.0,0,active,True
24,2,0.6000000000000001,2,penalized,True
24,3,1.0,0,active,True
24,4,1.0,0,active,True
24,5,0.6000000000000001,2,penalized,True
24,6,1.0,0,active,True
24,7,1.0,0,active,True
25,0,0.9,1,warned,True
25,1,1.0,0,active,True
25,2,0.6000000000000001,2,penalized,True
25,3,1.0,0,active,True
25,4,1.0,0,active,True
25,5,0.6000000000000001,2,penalized,True
25,6,1.0,0,active,True
25,7,1.0,0,active,True
26,0,0.9,1,warned,True
26,1,1.0,0,active,True
26,2,0.6000000000000001,2,penalized,True
26,3,1.0,0,active,True
26,4,1.0,0,active,True
26,5,0.6000000000000001,2,penalized,True
26,6,1.0,0,active,True
26,7,1.0,0,active,True
27,0,0.9,1,warned,True
27,1,1.0,0,active,True
27,2,0.6000000000000001,2,penalized,True
27,3,1.0,0,active,True
27,4,1.0,0,active,True
27,5,0.6000000000000001,2,penalized,True
27,6,1.0,0,active,True
27,7,1.0,0,active,True
28,0,0.9,1,warned,True
28,1,1.0,0,active,True
28,2,0.6000000000000001,2,penalized,True
28,3,1.0,0,active,True
28,4,1.0,0,active,True
28,5,0.6000000000000001,2,penalized,True
28,6,1.0,0,active,True
28,7,1.0,0,active,True
29,0,0.9,1,warned,True
29,1,1.0,0,active,True
29,2,0.6000000000000001,2,penalized,True
29,3,1.0,0,active,True
29,4,1.0,0,active,True
29,5,0.6000000000000001,2,penalized,True
29,6,1.0,0,active,True
29,7,1.0,0,active,True
30,0,0.9,1,warned,True
30,1,1.0,0,active,True
30,2,0.10000000000000009,3,banned,False
30,3,1.0,0,active,True
30,4,1.0,0,active,True
30,5,0.10000000000000009,3,banned,False
30,6,1.0,0,active,True
30,7,1.0,0,active,True
31,0,0.9,1,warned,True
31,1,1.0,0,active,True
31,2,0.10000000000000009,3,banned,False
31,3,1.0,0,active,True
31,4,1.0,0,active,True
31,5,0.10000000000000009,3,banned,False
31,6,1.0,0,active,True
31,7,1.0,0,active,True
32,0,0.9,1,warned,True
32,1,1.0,0,active,True
32,2,0.10000000000000009,3,banned,False
32,3,1.0,0,active,True
32,4,1.0,0,active,True
32,5,0.10000000000000009,3,banned,False
32,6,1.0,0,active,True
32,7,1.0,0,active,True
33,0,0.9,1,warned,True
33,1,1.0,0,active,True
33,2,0.10000000000000009,3,banned,False
33,3,1.0,0,active,True
33,4,1.0,0,active,True
33,5,0.10000000000000009,3,banned,False
33,6,1.0,0,active,True
33,7,1.0,0,active,True
34,0,0.9,1,warned,True
34,1,1.0,0,active,True
34,2,0.10000000000000009,3,banned,False
34,3,1.0,0,active,True
34,4,1.0,0,active,True
34,5,0.10000000000000009,3,banned,False
34,6,1.0,0,active,True
34,7,1.0,0,active,True
35,0,0.9,1,warned,True
35,1,1.0,0,active,True
35,2,0.10000000000000009,3,penalized,True
35,3,1.0,0,active,True
35,4,1.0,0,active,True
35,5,0.10000000000000009,3,penalized,True
35,6,1.0,0,active,True
35,7,1.0,0,active,True
36,0,0.9,1,warned,True
36,1,1.0,0,active,True
36,2,0.10000000000000009,3,penalized,True
36,3,1.0,0,active,True
36,4,1.0,0,active,True
36,5,0.10000000000000009,3,penalized,True
36,6,1.0,0,active,True
36,7,1.0,0,active,True
37,0,0.9,1,warned,True
37,1,1.0,0,active,True
37,2,0.10000000000000009,3,penalized,True
37,3,1.0,0,active,True
37,4,1.0,0,active,True
37,5,0.10000000000000009,3,penalized,True
37,6,1.0,0,active,True
37,7,1.0,0,active,True
38,0,0.9,1,warned,True
38,1,1.0,0,active,True
38,2,0.10000000000000009,3,penalized,True
38,3,1.0,0,active,True
38,4,1.0,0,active,True
38,5,0.10000000000000009,3,penalized,True
38,6,1.0,0,active,True
38,7,1.0,0,active,True
39,0,0.9,1,warned,True
39,1,1.0,0,active,True
39,2,0.10000000000000009,3,penalized,True
39,3,1.0,0,active,True
39,4,1.0,0,active,True
39,5,0.10000000000000009,3,penalized,True
39,6,1.0,0,active,True
39,7,1.0,0,active,True
40,0,0.9,1,warned,True
40,1,1.0,0,active,True
40,2,0,4,evicted,False
40,3,1.0,0,active,True
40,4,1.0,0,active,True
40,5,0,4,evicted,False
40,6,1.0,0,active,True
40,7,1.0,0,active,True
41,0,0.9,1,warned,True
41,1,1.0,0,active,True
41,2,0,4,evicted,False
41,3,1.0,0,active,True
41,4,1.0,0,active,True
41,5,0,4,evicted,False
41,6,1.0,0,active,True
41,7,1.0,0,active,True
42,0,0.9,1,warned,True
42,1,1.0,0,active,True
42,2,0,4,evicted,False
42,3,1.0,0,active,True
42,4,1.0,0,active,True
42,5,0,4,evicted,False
42,6,1.0,0,active,True
42,7,1.0,0,active,True
43,0,0.9,1,warned,True
43,1,1.0,0,active,True
43,2,0,4,evicted,False
43,3,1.0,0,active,True
43,4,1.0,0,active,True
43,5,0,4,evicted,False
43,6,1.0,0,active,True
43,7,1.0,0,active,True
44,0,0.9,1,warned,True
44,1,1.0,0,active,True
44,2,0,4,evicted,False
44,3,1.0,0,active,True
44,4,1.0,0,active,True
44,5,0,4,evicted,False
44,6,1.0,0,active,True
44,7,1.0,0,active,True
45,0,0.6000000000000001,2,penalized,True
45,1,1.0,0,active,True
45,2,0,4,evicted,False
45,3,1.0,0,active,True
45,4,1.0,0,active,True
45,5,0,4,evicted,False
45,6,1.0,0,active,True
45,7,1.0,0,active,True
46,0,0.6000000000000001,2,penalized,True
46,1,1.0,0,active,True
46,2,0,4,evicted,False
46,3,1.0,0,active,True
46,4,1.0,0,active,True
46,5,0,4,evicted,False
46,6,1.0,0,active,True
46,7,1.0,0,active,True
47,0,0.6000000000000001,2,penalized,True
47,1,1.0,0,active,True
47,2,0,4,evicted,False
47,3,1.0,0,active,True
47,4,1.0,0,active,True
47,5,0,4,evicted,False
47,6,1.0,0,active,True
47,7,1.0,0,active,True
48,0,0.6000000000000001,2,penalized,True
48,1,1.0,0,active,True
48,2,0,4,evicted,False
48,3,1.0,0,active,True
48,4,1.0,0,active,True
48,5,0,4,evicted,False
48,6,1.0,0,active,True
48,7,1.0,0,active,True
49,0,0.6000000000000001,2,penalized,True
49,1,1.0,0,active,True
49,2,0,4,evicted,False
49,3,1.0,0,active,True
49,4,1.0,0,active,True
49,5,0,4,evicted,False
49,6,1.0,0,active,True
49,7,1.0,0,active,True
50,0,0.6000000000000001,2,penalized,True
50,1,1.0,0,active,True
50,2,0,4,evicted,False
50,3,1.0,0,active,True
50,4,1.0,0,active,True
50,5,0,4,evicted,False
50,6,1.0,0,active,True
50,7,1.0,0,active,True
51,0,0.6000000000000001,2,penalized,True
51,1,1.0,0,active,True
51,2,0,4,evicted,False
51,3,1.0,0,active,True
51,4,1.0,0,active,True
51,5,0,4,evicted,False
51,6,1.0,0,active,True
51,7,1.0,0,active,True
52,0,0.6000000000000001,2,penalized,True
52,1,1.0,0,active,True
52,2,0,4,evicted,False
52,3,1.0,0,active,True
52,4,1.0,0,active,True
52,5,0,4,evicted,False
52,6,1.0,0,active,True
52,7,1.0,0,active,True
53,0,0.6000000000000001,2,penalized,True
53,1,1.0,0,active,True
53,2,0,4,evicted,False
53,3,1.0,0,active,True
53,4,1.0,0,active,True
53,5,0,4,evicted,False
53,6,1.0,0,active,True
53,7,1.0,0,active,True
54,0,0.6000000000000001,2,penalized,True
54,1,1.0,0,active,True
54,2,0,4,evicted,False
54,3,1.0,0,active,True
54,4,1.0,0,active,True
54,5,0,4,evicted,False
54,6,1.0,0,active,True
54,7,1.0,0,active,True
55,0,0.6000000000000001,2,penalized,True
55,1,1.0,0,active,True
55,2,0,4,evicted,False
55,3,1.0,0,active,True
55,4,1.0,0,active,True
55,5,0,4,evicted,False
55,6,1.0,0,active,True
55,7,1.0,0,active,True
56,0,0.6000000000000001,2,penalized,True
56,1,1.0,0,active,True
56,2,0,4,evicted,False
56,3,1.0,0,active,True
56,4,1.0,0,active,True
56,5,0,4,evicted,False
56,6,1.0,0,active,True
56,7,1.0,0,active,True
57,0,0.6000000000000001,2,penalized,True
57,1,1.0,0,active,True
57,2,0,4,evicted,False
57,3,1.0,0,active,True
57,4,1.0,0,active,True
57,5,0,4,evicted,False
57,6,1.0,0,active,True
57,7,1.0,0,active,True
58,0,0.6000000000000001,2,penalized,True
58,1,1.0,0,active,True
58,2,0,4,evicted,False
58,3,1.0,0,active,True
58,4,1.0,0,active,True
58,5,0,4,evicted,False
58,6,1.0,0,active,True
58,7,1.0,0,active,True
59,0,0.6000000000000001,2,penalized,True
59,1,1.0,0,active,True
59,2,0,4,evicted,False
59,3,1.0,0,active,True
59,4,1.0,0,active,True
59,5,0,4,evicted,False
59,6,1.0,0,active,True
59,7,1.0,0,active,True
60,0,0.6000000000000001,2,penalized,True
60,1,1.0,0,active,True
60,2,0,4,evicted,False
60,3,1.0,0,active,True
60,4,1.0,0,active,True
60,5,0,4,evicted,False
60,6,1.0,0,active,True
60,7,1.0,0,active,True
61,0,0.6000000000000001,2,penalized,True
61,1,1.0,0,active,True
61,2,0,4,evicted,False
61,3,1.0,0,active,True
61,4,1.0,0,active,True
61,5,0,4,evicted,False
61,6,1.0,0,active,True
61,7,1.0,0,active,True
62,0,0.6000000000000001,2,penalized,True
62,1,1.0,0,active,True
62,2,0,4,evicted,False
62,3,1.0,0,active,True
62,4,1.0,0,active,True
62,5,0,4,evicted,False
62,6,1.0,0,active,True
62,7,1.0,0,active,True
63,0,0.6000000000000001,2,penalized,True
63,1,1.0,0,active,True
63,2,0,4,evicted,False
63,3,1.0,0,active,True
63,4,1.0,0,active,True
63,5,0,4,evicted,False
63,6,1.0,0,active,True
63,7,1.0,0,active,True
64,0,0.6000000000000001,2,penalized,True
64,1,1.0,0,active,True
64,2,0,4,evicted,False
64,3,1.0,0,active,True
64,4,1.0,0,active,True
64,5,0,4,evicted,False
64,6,1.0,0,active,True
64,7,1.0,0,active,True
65,0,0.6000000000000001,2,penalized,True
65,1,1.0,0,active,True
65,2,0,4,evicted,False
65,3,1.0,0,active,True
65,4,1.0,0,active,True
65,5,0,4,evicted,False
65,6,1.0,0,active,True
65,7,1.0,0,active,True
66,0,0.6000000000000001,2,penalized,True
66,1,1.0,0,active,True
66,2,0,4,evicted,False
66,3,1.0,0,active,True
66,4,1.0,0,active,True
66,5,0,4,evicted,False
66,6,1.0,0,active,True
66,7,1.0,0,active,True
67,0,0.6000000000000001,2,penalized,True
67,1,1.0,0,active,True
67,2,0,4,evicted,False
67,3,1.0,0,active,True
67,4,1.0,0,active,True
67,5,0,4,evicted,False
67,6,1.0,0,active,True
67,7,1.0,0,active,True
68,0,0.6000000000000001,2,penalized,True
68,1,1.0,0,active,True
68,2,0,4,evicted,False
68,3,1.0,0,active,True
68,4,1.0,0,active,True
68,5,0,4,evicted,False
68,6,1.0,0,active,True
68,7,1.0,0,active,True
69,0,0.6000000000000001,2,penalized,True
69,1,1.0,0,active,True
69,2,0,4,evicted,False
69,3,1.0,0,active,True
69,4,1.0,0,active,True
69,5,0,4,evicted,False
69,6,1.0,0,active,True
69,7,1.0,0,active,True
70,0,0.6000000000000001,2,penalized,True
70,1,1.0,0,active,True
70,2,0,4,evicted,False
70,3,1.0,0,active,True
70,4,1.0,0,active,True
70,5,0,4,evicted,False
70,6,1.0,0,active,True
70,7,1.0,0,active,True
71,0,0.6000000000000001,2,penalized,True
71,1,1.0,0,active,True
71,2,0,4,evicted,False
71,3,1.0,0,active,True
71,4,1.0,0,active,True
71,5,0,4,evicted,False
71,6,1.0,0,active,True
71,7,1.0,0,active,True
72,0,0.6000000000000001,2,penalized,True
72,1,1.0,0,active,True
72,2,0,4,evicted,False
72,3,1.0,0,active,True
72,4,1.0,0,active,True
72,5,0,4,evicted,False
72,6,1.0,0,active,True
72,7,1.0,0,active,True
73,0,0.6000000000000001,2,penalized,True
73,1,1.0,0,active,True
73,2,0,4,evicted,False
73,3,1.0,0,active,True
73,4,1.0,0,active,True
73,5,0,4,evicted,False
73,6,1.0,0,active,True
73,7,1.0,0,active,True
74,0,0.6000000000000001,2,penalized,True
74,1,1.0,0,active,True
74,2,0,4,evicted,False
74,3,1.0,0,active,True
74,4,1.0,0,active,True
74,5,0,4,evicted,False
74,6,1.0,0,active,True
74,7,1.0,0,active,True
75,0,0.6000000000000001,2,penalized,True
75,1,1.0,0,active,True
75,2,0,4,evicted,False
75,3,1.0,0,active,True
75,4,1.0,0,active,True
75,5,0,4,evicted,False
75,6,1.0,0,active,True
75,7,1.0,0,active,True
76,0,0.6000000000000001,2,penalized,True
76,1,1.0,0,active,True
76,2,0,4,evicted,False
76,3,1.0,0,active,True
76,4,1.0,0,active,True
76,5,0,4,evicted,False
76,6,1.0,0,active,True
76,7,1.0,0,active,True
77,0,0.6000000000000001,2,penalized,True
77,1,1.0,0,active,True
77,2,0,4,evicted,False
77,3,1.0,0,active,True
77,4,1.0,0,active,True
77,5,0,4,evicted,False
77,6,1.0,0,active,True
77,7,1.0,0,active,True
78,0,0.6000000000000001,2,penalized,True
78,1,1.0,0,active,True
78,2,0,4,evicted,False
78,3,1.0,0,active,True
78,4,1.0,0,active,True
78,5,0,4,evicted,False
78,6,1.0,0,active,True
78,7,1.0,0,active,True
79,0,0.6000000000000001,2,penalized,True
79,1,1.0,0,active,True
79,2,0,4,evicted,False
79,3,1.0,0,active,True
79,4,1.0,0,active,True
79,5,0,4,evicted,False
79,6,1.0,0,active,True
79,7,1.0,0,active,True
80,0,0.6000000000000001,2,penalized,True
80,1,1.0,0,active,True
80,2,0,4,evicted,False
80,3,1.0,0,active,True
80,4,1.0,0,active,True
80,5,0,4,evicted,False
80,6,1.0,0,active,True
80,7,1.0,0,active,True
81,0,0.6000000000000001,2,penalized,True
81,1,1.0,0,active,True
81,2,0,4,evicted,False
81,3,1.0,0,active,True
81,4,1.0,0,active,True
81,5,0,4,evicted,False
81,6,1.0,0,active,True
81,7,1.0,0,active,True
82,0,0.6000000000000001,2,penalized,True
82,1,1.0,0,active,True
82,2,0,4,evicted,False
82,3,1.0,0,active,True
82,4,1.0,0,active,True
82,5,0,4,evicted,False
82,6,1.0,0,active,True
82,7,1.0,0,active,True
83,0,0.6000000000000001,2,penalized,True
83,1,1.0,0,active,True
83,2,0,4,evicted,False
83,3,1.0,0,active,True
83,4,1.0,0,active,True
83,5,0,4,evicted,False
83,6,1.0,0,active,True
83,7,1.0,0,active,True
84,0,0.6000000000000001,2,penalized,True
84,1,1.0,0,active,True
84,2,0,4,evicted,False
84,3,1.0,0,active,True
84,4,1.0,0,active,True
84,5,0,4,evicted,False
84,6,1.0,0,active,True
84,7,1.0,0,active,True
85,0,0.6000000000000001,2,penalized,True
85,1,1.0,0,active,True
85,2,0,4,evicted,False
85,3,1.0,0,active,True
85,4,1.0,0,active,True
85,5,0,4,evicted,False
85,6,1.0,0,active,True
85,7,1.0,0,active,True
86,0,0.6000000000000001,2,penalized,True
86,1,1.0,0,active,True
86,2,0,4,evicted,False
86,3,1.0,0,active,True
86,4,1.0,0,active,True
86,5,0,4,evicted,False
86,6,1.0,0,active,True
86,7,1.0,0,active,True
87,0,0.6000000000000001,2,penalized,True
87,1,1.0,0,active,True
87,2,0,4,evicted,False
87,3,1.0,0,active,True
87,4,1.0,0,active,True
87,5,0,4,evicted,False
87,6,1.0,0,active,True
87,7,1.0,0,active,True
88,0,0.6000000000000001,2,penalized,True
88,1,1.0,0,active,True
88,2,0,4,evicted,False
88,3,1.0,0,active,True
88,4,1.0,0,active,True
88,5,0,4,evicted,False
88,6,1.0,0,active,True
88,7,1.0,0,active,True
89,0,0.6000000000000001,2,penalized,True
89,1,1.0,0,active,True
89,2,0,4,evicted,False
89,3,1.0,0,active,True
89,4,1.0,0,active,True
89,5,0,4,evicted,False
89,6,1.0,0,active,True
89,7,1.0,0,active,True
90,0,0.6000000000000001,2,penalized,True
90,1,1.0,0,active,True
90,2,0,4,evicted,False
90,3,1.0,0,active,True
90,4,1.0,0,active,True
90,5,0,4,evicted,False
90,6,1.0,0,active,True
90,7,1.0,0,active,True
91,0,0.6000000000000001,2,penalized,True
91,1,1.0,0,active,True
91,2,0,4,evicted,False
91,3,1.0,0,active,True
91,4,1.0,0,active,True
91,5,0,4,evicted,False
91,6,1.0,0,active,True
91,7,1.0,0,active,True
92,0,0.6000000000000001,2,penalized,True
92,1,1.0,0,active,True
92,2,0,4,evicted,False
92,3,1.0,0,active,True
92,4,1.0,0,active,True
92,5,0,4,evicted,False
92,6,1.0,0,active,True
92,7,1.0,0,active,True
93,0,0.6000000000000001,2,penalized,True
93,1,1.0,0,active,True
93,2,0,4,evicted,False
93,3,1.0,0,active,True
93,4,1.0,0,active,True
93,5,0,4,evicted,False
93,6,1.0,0,active,True
93,7,1.0,0,active,True
94,0,0.6000000000000001,2,penalized,True
94,1,1.0,0,active,True
94,2,0,4,evicted,False
94,3,1.0,0,active,True
94,4,1.0,0,active,True
94,5,0,4,evicted,False
94,6,1.0,0,active,True
94,7,1.0,0,active,True
95,0,0.6000000000000001,2,penalized,True
95,1,1.0,0,active,True
95,2,0,4,evicted,False
95,3,1.0,0,active,True
95,4,1.0,0,active,True
95,5,0,4,evicted,False
95,6,1.0,0,active,True
95,7,1.0,0,active,True
96,0,0.6000000000000001,2,penalized,True
96,1,1.0,0,active,True
96,2,0,4,evicted,False
96,3,1.0,0,active,True
96,4,1.0,0,active,True
96,5,0,4,evicted,False
96,6,1.0,0,active,True
96,7,1.0,0,active,True
97,0,0.6000000000000001,2,penalized,True
97,1,1.0,0,active,True
97,2,0,4,evicted,False
97,3,1.0,0,active,True
97,4,1.0,0,active,True
97,5,0,4,evicted,False
97,6,1.0,0,active,True
97,7,1.0,0,active,True
98,0,0.6000000000000001,2,penalized,True
98,1,1.0,0,active,True
98,2,0,4,evicted,False
98,3,1.0,0,active,True
98,4,1.0,0,active,True
98,5,0,4,evicted,False
98,6,1.0,0,active,True
98,7,1.0,0,active,True
99,0,0.6000000000000001,2,penalized,True
99,1,1.0,0,active,True
99,2,0,4,evicted,False
99,3,1.0,0,active,True
99,4,1.0,0,active,True
99,5,0,4,evicted,False
99,6,1.0,0,active,True
99,7,1.0,0,active,True
